java,资深技术专家-供应链[上海・浦东新区],30k-50k,30k,50k,30.00 ,50.00 ,40.00
java,JAVA软件工程师-上海（实习可转正）[上海・杨浦区],9k-13k,9k,13k,9.00 ,13.00 ,11.00
java,java开发工程师[合肥・庐阳区],12k-20k,12k,20k,12.00 ,20.00 ,16.00
java,JAVA资深开发[北京・燕莎],30k-55k,30k,55k,30.00 ,55.00 ,42.50
java,中级java研发工程师[北京・海淀区],12k-20k,12k,20k,12.00 ,20.00 ,16.00
java,java开发工程师[北京・西北旺],13k-19k,13k,19k,13.00 ,19.00 ,16.00
java,JAVA初级开发工程师-银行方向(PDR)[广州・东圃],9k-18k,9k,18k,9.00 ,18.00 ,13.50
java,java开发（浦东）[上海・曹路],12k-24k,12k,24k,12.00 ,24.00 ,18.00
java,初级java开发工程师[上海・周家嘴路],8k-12k,8k,12k,8.00 ,12.00 ,10.00
java,java开发工程师[佛山・南海区],12k-24k,12k,24k,12.00 ,24.00 ,18.00
java,java开发工程师-多方向[杭州・西溪],20k-35k,20k,35k,20.00 ,35.00 ,27.50
java,java开发工程师[深圳・南山区],10k-18k,10k,18k,10.00 ,18.00 ,14.00
java,java开发工程师[深圳・南山区],16k-23k,16k,23k,16.00 ,23.00 ,19.50
java,高级java研发工程师-（数据平台[北京・四惠],30k-50k,30k,50k,30.00 ,50.00 ,40.00
java,基础研发(上海) - Java技术专家[上海・长宁区],30k-60k,30k,60k,30.00 ,60.00 ,45.00
java,JAVA软件工程师-上海（实习可转正）[上海・杨浦区],9k-13k,9k,13k,9.00 ,13.00 ,11.00
java,java开发工程师[上海・七宝],10k-20k,10k,20k,10.00 ,20.00 ,15.00
java,java资深开发工程师[上海・张江],30k-55k,30k,55k,30.00 ,55.00 ,42.50
java,JAVA开发工程师（PSHIYUAN-H)[广州・黄埔区],11k-20k,11k,20k,11.00 ,20.00 ,15.50
java,Java开发工程师（上海）[上海・洋泾],12k-20k,12k,20k,12.00 ,20.00 ,16.00
java,java开发工程师[无锡・锡山区],14k-28k,14k,28k,14.00 ,28.00 ,21.00
java,java开发工程师（支付）[上海・北外滩],20k-40k,20k,40k,20.00 ,40.00 ,30.00
java,java开发工程师[上海・城隍庙],10k-20k,10k,20k,10.00 ,20.00 ,15.00
java,java开发工程师（中级）[深圳・南山区],15k-22k,15k,22k,15.00 ,22.00 ,18.50
java,java开发工程师[广州・新港],13k-22k,13k,22k,13.00 ,22.00 ,17.50
java,Java高级开发工程师-CRM系统[北京・大山子],20k-40k,20k,40k,20.00 ,40.00 ,30.00
java,基础研发(北京) - Java技术专家[北京・朝阳区],30k-60k,30k,60k,30.00 ,60.00 ,45.00
java,研发经理（java方向）[上海・闵行区],25k-45k,25k,45k,25.00 ,45.00 ,35.00
java,后台Java工程师[深圳・科技园],13k-26k,13k,26k,13.00 ,26.00 ,19.50
java,java游戏服务端高级开发[广州・五山],15k-30k,15k,30k,15.00 ,30.00 ,22.50
java,java资深开发工程师[杭州・余杭区],35k-45k,35k,45k,35.00 ,45.00 ,40.00
java,java高级开发工程师（PGH01）[广州・东圃],20k-32k,20k,32k,20.00 ,32.00 ,26.00
java,java开发工程师[上海・洋泾],15k-25k,15k,25k,15.00 ,25.00 ,20.00
java,java工程师[杭州・西溪],20k-40k,20k,40k,20.00 ,40.00 ,30.00
java,JAVA开发工程师（初中级）[深圳・南山区],10k-18k,10k,18k,10.00 ,18.00 ,14.00
java,java开发工程师[深圳・大冲],12k-19k,12k,19k,12.00 ,19.00 ,15.50
java,Java-后端工程师-北京领创智信科技[深圳・科技园],20k-30k,20k,30k,20.00 ,30.00 ,25.00
java,高级Java开发工程师[北京・朝阳区],30k-50k,30k,50k,30.00 ,50.00 ,40.00
java,java技术经理（非外包！）[上海・闵行区],28k-45k,28k,45k,28.00 ,45.00 ,36.50
java,JAVA工程师[深圳・科技园],12k-17k,12k,17k,12.00 ,17.00 ,14.50
java,java中级开发工程师[成都・驷马桥],10k-18k,10k,18k,10.00 ,18.00 ,14.00
java,架构师java[西安・高新技术产业开发区],25k-35k,25k,35k,25.00 ,35.00 ,30.00
java,JAVA开发工程师[成都・红星路],15k-30k,15k,30k,15.00 ,30.00 ,22.50
java,大数据征信java开发[东莞・南城],10k-15k,10k,15k,10.00 ,15.00 ,12.50
java,资深/高级JAVA开发工程师[杭州・余杭区],20k-30k,20k,30k,20.00 ,30.00 ,25.00
java,java自动化测试工程师(PDR)[广州・东圃],8k-16k,8k,16k,8.00 ,16.00 ,12.00
java,java开发工程师[深圳・南山区],15k-30k,15k,30k,15.00 ,30.00 ,22.50
java,资深java开发工程师[北京・西直门],25k-45k,25k,45k,25.00 ,45.00 ,35.00
java,java中高级开发工程师[深圳・南山区],12k-20k,12k,20k,12.00 ,20.00 ,16.00
java,JAVA高级开发工程师[上海・闵行区],15k-30k,15k,30k,15.00 ,30.00 ,22.50
java,java开发工程师[武汉・水果湖],12k-22k,12k,22k,12.00 ,22.00 ,17.00
java,java中级开发工程师[成都・驷马桥],10k-18k,10k,18k,10.00 ,18.00 ,14.00
java,Java开发工程师[西安・高新技术产业开发区],12k-24k,12k,24k,12.00 ,24.00 ,18.00
java,小微金融java开发[武汉・关山],10k-15k,10k,15k,10.00 ,15.00 ,12.50
java,Java/Kotlin实习生[北京・五道口],5k-10k,5k,10k,5.00 ,10.00 ,7.50
java,java开发工程师-微服务[广州・白云区],12k-16k,12k,16k,12.00 ,16.00 ,14.00
java,Java开发工程师（中台）[深圳・南山区],15k-25k,15k,25k,15.00 ,25.00 ,20.00
java,Java开发（Pf）[上海・洋泾],10k-18k,10k,18k,10.00 ,18.00 ,14.00
java,高级Java开发工程师[杭州・仓前],16k-25k,16k,25k,16.00 ,25.00 ,20.50
java,java开发工程师[深圳・南山区],14k-23k,14k,23k,14.00 ,23.00 ,18.50
java,java开发[成都・高新区],15k-25k,15k,25k,15.00 ,25.00 ,20.00
java,java开发工程师[上海・浦东新区],23k-45k,23k,45k,23.00 ,45.00 ,34.00
java,java + .net开发工程师[深圳・南山区],12k-20k,12k,20k,12.00 ,20.00 ,16.00
java,java开发工程师（中级）[上海・闵行区],18k-30k,18k,30k,18.00 ,30.00 ,24.00
java,java开发工程师-广东业务中心[广州・花都区],15k-25k,15k,25k,15.00 ,25.00 ,20.00
java,人行征信系统java工程师[佛山・桂城],10k-15k,10k,15k,10.00 ,15.00 ,12.50
java,"Software Engineer, Backend (Java/Kotlin)[北京・五道口]",20k-40k,20k,40k,20.00 ,40.00 ,30.00
java,高级java开发工程师[深圳・南山区],25k-30k,25k,30k,25.00 ,30.00 ,27.50
java,Java开发[上海・曹路],12k-24k,12k,24k,12.00 ,24.00 ,18.00
java,java开发工程师(六险一金+多地可安排）[北京・西三旗],15k-25k,15k,25k,15.00 ,25.00 ,20.00
java,Java/PHP 后台开发(应届)[长沙・雨花区],6k-12k,6k,12k,6.00 ,12.00 ,9.00
java,java开发工程师[成都・高新区],12k-20k,12k,20k,12.00 ,20.00 ,16.00
java,高级JAVA研发专家[北京・望京],40k-70k,40k,70k,40.00 ,70.00 ,55.00
java,Java/Spark/GIS工程师[深圳・福田区],12k-24k,12k,24k,12.00 ,24.00 ,18.00
java,JAVA开发工程师[深圳・大冲],18k-30k,18k,30k,18.00 ,30.00 ,24.00
java,高级/资深java开发工程师[深圳・大冲],30k-60k,30k,60k,30.00 ,60.00 ,45.00
java,java开发工程师--财务[深圳・南山区],13k-20k,13k,20k,13.00 ,20.00 ,16.50
java,高级java开发工程师[上海・浦江],15k-25k,15k,25k,15.00 ,25.00 ,20.00
java,java工程师[杭州・宁围],25k-35k,25k,35k,25.00 ,35.00 ,30.00
java,信贷java[广州・黄埔区],11k-19k,11k,19k,11.00 ,19.00 ,15.00
java,java开发工程师[上海・曹路],12k-23k,12k,23k,12.00 ,23.00 ,17.50
java,java开发工程师（六险一金+多地可安排）[成都・高新区],12k-20k,12k,20k,12.00 ,20.00 ,16.00
java,高级java开发工程师（AI方向）[杭州・余杭区],20k-40k,20k,40k,20.00 ,40.00 ,30.00
java,java高级开发工程师[广州・荔湾区],20k-30k,20k,30k,20.00 ,30.00 ,25.00
java,Java开发（非外包）[上海・虹梅路],15k-30k,15k,30k,15.00 ,30.00 ,22.50
java,java高级开发工程师[武汉・武昌区],12k-20k,12k,20k,12.00 ,20.00 ,16.00
java,java开发工程师[深圳・南油],16k-23k,16k,23k,16.00 ,23.00 ,19.50
java,美团优选-增长营销平台Java开发工程师[北京・朝阳区],30k-50k,30k,50k,30.00 ,50.00 ,40.00
java,java开发工程师[无锡・江阴市],10k-20k,10k,20k,10.00 ,20.00 ,15.00
java,Java工程师（中高级）[北京・朝阳区],15k-20k,15k,20k,15.00 ,20.00 ,17.50
java,中级java开发工程师[杭州・浦沿],25k-35k,25k,35k,25.00 ,35.00 ,30.00
java,高级java开发工程师[上海・闵行区],22k-35k,22k,35k,22.00 ,35.00 ,28.50
java,信贷系统java工程师[深圳・新安],10k-16k,10k,16k,10.00 ,16.00 ,13.00
java,java开发工程师（初中高级+多地可安排）[天津・河东区],10k-18k,10k,18k,10.00 ,18.00 ,14.00
java,java中级开发工程师[广州・荔湾区],10k-15k,10k,15k,10.00 ,15.00 ,12.50
java,高级java[上海・徐汇区],15k-25k,15k,25k,15.00 ,25.00 ,20.00
java,java中级开发工程师[武汉・武昌区],10k-15k,10k,15k,10.00 ,15.00 ,12.50
java,java工程师（无锡）[苏州・高新区],10k-20k,10k,20k,10.00 ,20.00 ,15.00
java,java开发工程师[成都・驷马桥],15k-25k,15k,25k,15.00 ,25.00 ,20.00
java,Java高级开发工程师[上海・陆家嘴],30k-50k,30k,50k,30.00 ,50.00 ,40.00
java,JAVA工程师[北京・东城区],13k-20k,13k,20k,13.00 ,20.00 ,16.50
java,java开发工程师[广州・东圃],13k-20k,13k,20k,13.00 ,20.00 ,16.50
java,java开发工程师[北京・望京],28k-56k,28k,56k,28.00 ,56.00 ,42.00
java,java开发工程师[上海・浦东新区],16k-18k,16k,18k,16.00 ,18.00 ,17.00
java,java开发工程师[深圳・龙华新区],15k-26k,15k,26k,15.00 ,26.00 ,20.50
java,java高级工程师[深圳・科技园],18k-30k,18k,30k,18.00 ,30.00 ,24.00
java,资深java开发工程师（可年后入职）[上海・闵行区],28k-45k,28k,45k,28.00 ,45.00 ,36.50
java,信贷系统Java开发工程师[广州・市桥],10k-16k,10k,16k,10.00 ,16.00 ,13.00
java,java开发工程师（初中高级+多地可安排）[杭州・西溪],15k-25k,15k,25k,15.00 ,25.00 ,20.00
java,Java后台中级开发[上海・徐汇区],14k-28k,14k,28k,14.00 ,28.00 ,21.00
java,java开发工程师[武汉・武昌区],12k-20k,12k,20k,12.00 ,20.00 ,16.00
java,java开发工程师[深圳・福田区],15k-20k,15k,20k,15.00 ,20.00 ,17.50
java,java开发工程师[武汉・洪山区],8k-13k,8k,13k,8.00 ,13.00 ,10.50
java,java开发工程师[深圳・科技园],13k-20k,13k,20k,13.00 ,20.00 ,16.50
java,高级java开发工程师+知名港企[深圳・科技园],18k-27k,18k,27k,18.00 ,27.00 ,22.50
java,java开发工程师[北京・海淀区],20k-28k,20k,28k,20.00 ,28.00 ,24.00
java,初级java开发工程师[成都・柳江],6k-11k,6k,11k,6.00 ,11.00 ,8.50
java,Java工程师[成都・高新区],10k-18k,10k,18k,10.00 ,18.00 ,14.00
java,Java高级软件开发工程师[上海・和田],18k-30k,18k,30k,18.00 ,30.00 ,24.00
java,高级Java研发工程师[北京・朝阳区],30k-45k,30k,45k,30.00 ,45.00 ,37.50
java,服务端(JAVA )开发工程师[上海・北外滩],25k-45k,25k,45k,25.00 ,45.00 ,35.00
java,java软件开发工程师[深圳・科技园],15k-20k,15k,20k,15.00 ,20.00 ,17.50
java,高级java开发工程师[成都・高新区],15k-20k,15k,20k,15.00 ,20.00 ,17.50
java,JAVA开发岗位（驻场银行）[深圳・福田区],11k-22k,11k,22k,11.00 ,22.00 ,16.50
java,java开发工程师[上海・闵行区],20k-30k,20k,30k,20.00 ,30.00 ,25.00
java,高级JAVA开发专家[广州・珠江新城],23k-45k,23k,45k,23.00 ,45.00 ,34.00
java,JAVA、Android初级程序员[重庆・南岸区],6k-10k,6k,10k,6.00 ,10.00 ,8.00
java,信贷系统JAVA工程师[长沙・天心区],10k-20k,10k,20k,10.00 ,20.00 ,15.00
java,高级java开发工程师[上海・延吉],20k-35k,20k,35k,20.00 ,35.00 ,27.50
java,Java开发工程师[上海・杨浦区],18k-30k,18k,30k,18.00 ,30.00 ,24.00
java,java开发工程师[上海・周家桥],15k-25k,15k,25k,15.00 ,25.00 ,20.00
java,java开发工程师[广州・海珠区],12k-22k,12k,22k,12.00 ,22.00 ,17.00
java,java开发工程师（武汉）[武汉・西北湖],9k-14k,9k,14k,9.00 ,14.00 ,11.50
java,java高级开发工程师[武汉・东湖新技术开发区],20k-28k,20k,28k,20.00 ,28.00 ,24.00
java,资深java开发工程师[杭州・仓前],24k-40k,24k,40k,24.00 ,40.00 ,32.00
java,中级java开发工程师[上海・浦东新区],15k-30k,15k,30k,15.00 ,30.00 ,22.50
java,java软件开发工程师[深圳・科技园],14k-20k,14k,20k,14.00 ,20.00 ,17.00
java,JAVA、Android初级程序员[成都・金牛区],6k-12k,6k,12k,6.00 ,12.00 ,9.00
java,Java开发工程师[广州・市桥],10k-19k,10k,19k,10.00 ,19.00 ,14.50
java,java开发 北京[北京・西便门],15k-30k,15k,30k,15.00 ,30.00 ,22.50
java,java后端开发工程师[上海・延吉],10k-20k,10k,20k,10.00 ,20.00 ,15.00
java,Java开发工程师[上海・杨浦区],20k-40k,20k,40k,20.00 ,40.00 ,30.00
java,java开发工程师（西安）[西安・高新技术产业开发区],9k-14k,9k,14k,9.00 ,14.00 ,11.50
java,java高级开发工程师[北京・中关村],30k-55k,30k,55k,30.00 ,55.00 ,42.50
java,java高级开发工程师[北京・西红门],20k-40k,20k,40k,20.00 ,40.00 ,30.00
java,高级java开发工程师[北京・北下关],20k-35k,20k,35k,20.00 ,35.00 ,27.50
java,java开发工程师 无加班500强[上海・张江],18k-35k,18k,35k,18.00 ,35.00 ,26.50
java,java高级工程师[上海・闵行区],25k-27k,25k,27k,25.00 ,27.00 ,26.00
java,java开发工程师[北京・大兴区],20k-30k,20k,30k,20.00 ,30.00 ,25.00
java,java开发工程师[杭州・余杭区],15k-25k,15k,25k,15.00 ,25.00 ,20.00
c++,c++高级开发工程师-PSM0004[深圳・西丽],30k-50k,30k,50k,30.00 ,50.00 ,40.00
c++,C++开发工程师[深圳・宝安区],6k-10k,6k,10k,6.00 ,10.00 ,8.00
c++,高级c++开发工程师[深圳・福田区],20k-35k,20k,35k,20.00 ,35.00 ,27.50
c++,资深c++开发工程师[深圳・大冲],30k-60k,30k,60k,30.00 ,60.00 ,45.00
c++,C++平台开发工程师[深圳・南山区],15k-25k,15k,25k,15.00 ,25.00 ,20.00
c++,高级C++研发工程师-无人车配送中心[北京・朝阳区],25k-50k,25k,50k,25.00 ,50.00 ,37.50
c++,C++ 中级（Windows 客户端）[广州・棠景],15k-25k,15k,25k,15.00 ,25.00 ,20.00
c++,c++软件开发工程师[杭州・江南],20k-25k,20k,25k,20.00 ,25.00 ,22.50
c++,c++开发工程师[上海・浦东新区],10k-16k,10k,16k,10.00 ,16.00 ,13.00
c++,c++开发工程师[深圳・车公庙],15k-30k,15k,30k,15.00 ,30.00 ,22.50
c++,c++开发工程师[上海・张江],35k-45k,35k,45k,35.00 ,45.00 ,40.00
c++,c++开发工程师[上海・周家桥],20k-30k,20k,30k,20.00 ,30.00 ,25.00
c++,中高级软件开发工程师（C++）[成都・猛追湾],15k-30k,15k,30k,15.00 ,30.00 ,22.50
c++,c++软件工程师-海淀[北京・北下关],25k-30k,25k,30k,25.00 ,30.00 ,27.50
c++,c++开发工程师[西安・西稍门],9k-17k,9k,17k,9.00 ,17.00 ,13.00
c++,资深c++开发工程师[上海・虹梅路],30k-55k,30k,55k,30.00 ,55.00 ,42.50
c++,c++服务器开发工程师[深圳・南山区],16k-25k,16k,25k,16.00 ,25.00 ,20.50
c++,c++高级工程师[北京・朝阳门],20k-25k,20k,25k,20.00 ,25.00 ,22.50
c++,高级C++开发工程师-无人车配送中心[北京・朝阳区],25k-40k,25k,40k,25.00 ,40.00 ,32.50
c++,c++、c#开发实习生[上海・浦东新区],4k-6k,4k,6k,4.00 ,6.00 ,5.00
c++,C++游戏开发工程师[北京・朝阳区],25k-50k,25k,50k,25.00 ,50.00 ,37.50
c++,后台开发工程师（GO/C++/搜索推荐方向）[深圳・福田区],20k-40k,20k,40k,20.00 ,40.00 ,30.00
c++,c++开发工程师[成都・高新区],15k-30k,15k,30k,15.00 ,30.00 ,22.50
c++,C++软件开发程序员[合肥・海关路],6k-12k,6k,12k,6.00 ,12.00 ,9.00
c++,c++开发工程师 （信息安全类）[深圳・大冲],18k-35k,18k,35k,18.00 ,35.00 ,26.50
c++,C++[上海・闵行区],10k-20k,10k,20k,10.00 ,20.00 ,15.00
c++,c++开发工程师[北京・花乡],12k-20k,12k,20k,12.00 ,20.00 ,16.00
c++,c++高级开发工程师15-40w年薪[武汉・江夏区],12k-24k,12k,24k,12.00 ,24.00 ,18.00
c++,c++开发工程师[成都・高新区],30k-60k,30k,60k,30.00 ,60.00 ,45.00
c++,c++开发工程师[上海・浦东新区],18k-36k,18k,36k,18.00 ,36.00 ,27.00
c++,c++高级开发工程师[上海・洋泾],18k-35k,18k,35k,18.00 ,35.00 ,26.50
c++,高级C++工程师-物理引擎方向（元宇宙）[北京・望京],30k-60k,30k,60k,30.00 ,60.00 ,45.00
c++,信息安全部-C++端技术专家[北京・朝阳区],25k-50k,25k,50k,25.00 ,50.00 ,37.50
c++,c++/qt开发工程师[深圳・坂田],13k-19k,13k,19k,13.00 ,19.00 ,16.00
c++,c++软件工程师[广州・萝岗区],8k-15k,8k,15k,8.00 ,15.00 ,11.50
c++,资深C++开发工程师（客户端公技方向）[杭州・长河],25k-50k,25k,50k,25.00 ,50.00 ,37.50
c++,47879-搜狗输入法-内核高级C++开发[北京・海淀区],30k-60k,30k,60k,30.00 ,60.00 ,45.00
c++,C++开发实习生-飞书-有转正机会[北京・海淀区],8k-16k,8k,16k,8.00 ,16.00 ,12.00
c++,1141LK-高级c++开发工程师[南京・雨花台区],25k-45k,25k,45k,25.00 ,45.00 ,35.00
c++,38413G-C/C++开发工程师[深圳・福田区],10k-20k,10k,20k,10.00 ,20.00 ,15.00
c++,c++后端开发工程师[广州・番禺区],15k-25k,15k,25k,15.00 ,25.00 ,20.00
c++,c++开发工程师[深圳・龙华新区],20k-40k,20k,40k,20.00 ,40.00 ,30.00
c++,c++开发工程师（Windows/Linux）[北京・大山子],15k-25k,15k,25k,15.00 ,25.00 ,20.00
c++,C/C++ 语言工程师[重庆・南岸区],10k-16k,10k,16k,10.00 ,16.00 ,13.00
c++,c++开发工程师（ios方向）[杭州・余杭区],10k-12k,10k,12k,10.00 ,12.00 ,11.00
c++,c++开发工程师[成都・双流县],20k-40k,20k,40k,20.00 ,40.00 ,30.00
c++,c++服务器开发工程师[北京・朝阳区],20k-35k,20k,35k,20.00 ,35.00 ,27.50
c++,云信-资深C++服务端研发工程师（媒体处理方向）[杭州・长河],30k-45k,30k,45k,30.00 ,45.00 ,37.50
c++,47879-搜狗输入法-高级C/C++开发工程师[北京・海淀区],30k-60k,30k,60k,30.00 ,60.00 ,45.00
c++,C++/PC客户端研发工程师（XR相关方向）[广州・天河区],30k-60k,30k,60k,30.00 ,60.00 ,45.00
c++,c++客户端开发工程师[广州・番禺区],14k-28k,14k,28k,14.00 ,28.00 ,21.00
c++,c++开发工程师[深圳・上沙],20k-40k,20k,40k,20.00 ,40.00 ,30.00
c++,c++开发工程师[杭州・西溪],15k-30k,15k,30k,15.00 ,30.00 ,22.50
c++,资深C++软件工程师[上海・金桥],15k-30k,15k,30k,15.00 ,30.00 ,22.50
c++,c++开发工程师[成都・武侯区],15k-26k,15k,26k,15.00 ,26.00 ,20.50
c++,高级Java/Python/C++开发工程师[上海・闵行区],30k-50k,30k,50k,30.00 ,50.00 ,40.00
c++,C++开发工程师[武汉・水果湖],10k-20k,10k,20k,10.00 ,20.00 ,15.00
c++,中高级c++开发工程师[深圳・南山区],20k-30k,20k,30k,20.00 ,30.00 ,25.00
c++,QT/C++资深研发工程师（客户端）[上海・杨浦区],18k-35k,18k,35k,18.00 ,35.00 ,26.50
c++,c++/python/golang工程师[北京・中关村],20k-40k,20k,40k,20.00 ,40.00 ,30.00
c++,c++开发工程师[深圳・科技园],25k-40k,25k,40k,25.00 ,40.00 ,32.50
c++,云信-资深C++服务端研发工程师（运营商能力平台方[杭州・长河],30k-45k,30k,45k,30.00 ,45.00 ,37.50
c++,41071-腾讯会议C++/Windows高级开发工程师[北京・海淀区],30k-60k,30k,60k,30.00 ,60.00 ,45.00
c++,智能创作解决方案研发工程师(C++/PC方向)[广州・天河区],30k-60k,30k,60k,30.00 ,60.00 ,45.00
c++,C++量化后端开发工程师[广州・番禺区],15k-30k,15k,30k,15.00 ,30.00 ,22.50
c++,c++开发工程师[深圳・上沙],30k-60k,30k,60k,30.00 ,60.00 ,45.00
c++,c++开发工程师[深圳・深圳湾],20k-30k,20k,30k,20.00 ,30.00 ,25.00
c++,c++/qt开发工程师[北京・中关村],25k-40k,25k,40k,25.00 ,40.00 ,32.50
c++,c++开发工程师[北京・顺义区],24k-42k,24k,42k,24.00 ,42.00 ,33.00
c++,c++开发工程师[北京・西三旗],15k-25k,15k,25k,15.00 ,25.00 ,20.00
c++,Linux c/c++开发工程师[深圳・南山区],22k-44k,22k,44k,22.00 ,44.00 ,33.00
c++,c++开发工程师[广州・天河区],5k-10k,5k,10k,5.00 ,10.00 ,7.50
c++,c++开发工程师[上海・新天地],25k-50k,25k,50k,25.00 ,50.00 ,37.50
c++,【2022校招】windows C++开发工程师[深圳・大冲],18k-30k,18k,30k,18.00 ,30.00 ,24.00
c++,C++开发工程师 (MJ000059)[上海・普陀区],15k-30k,15k,30k,15.00 ,30.00 ,22.50
c++,28603-微信支付后台开发（C++）专家[深圳・南山区],30k-60k,30k,60k,30.00 ,60.00 ,45.00
c++,C++开发工程师（unreal方向）[北京・海淀区],30k-60k,30k,60k,30.00 ,60.00 ,45.00
c++,c++开发工程师[上海・陆家嘴],30k-50k,30k,50k,30.00 ,50.00 ,40.00
c++,c++服务器开发工程师[深圳・深圳湾],20k-40k,20k,40k,20.00 ,40.00 ,30.00
c++,机器人ROS C++开发工程师[北京・顺义区],20k-40k,20k,40k,20.00 ,40.00 ,30.00
c++,c++开发工程师[北京・西三旗],15k-30k,15k,30k,15.00 ,30.00 ,22.50
c++,C++服务端开发工程师[广州・天河区],12k-24k,12k,24k,12.00 ,24.00 ,18.00
c++,C++研发工程师（实习）[武汉・街道口],3k-6k,3k,6k,3.00 ,6.00 ,4.50
c++,c++开发工程师[深圳・科技园],20k-35k,20k,35k,20.00 ,35.00 ,27.50
c++,C++游戏服务器工程师[北京・望京],20k-40k,20k,40k,20.00 ,40.00 ,30.00
c++,c++软件工程师[北京・朝阳区],25k-35k,25k,35k,25.00 ,35.00 ,30.00
c++,c++开发工程师（棋牌）[北京・海淀区],12k-20k,12k,20k,12.00 ,20.00 ,16.00
c++,C++服务器开发工程师（高级）[上海・静安区],25k-35k,25k,35k,25.00 ,35.00 ,30.00
c++,高级C++开发工程师[深圳・科技园],20k-35k,20k,35k,20.00 ,35.00 ,27.50
c++,c++工程师[深圳・科技园],15k-29k,15k,29k,15.00 ,29.00 ,22.00
c++,41071-腾讯会议C++/Windows高级开发工程师[深圳・南山区],30k-60k,30k,60k,30.00 ,60.00 ,45.00
c++,C++/PC客户端研发工程师（XR相关方向）[北京・海淀区],25k-50k,25k,50k,25.00 ,50.00 ,37.50
c++,c++开发工程师[杭州・余杭区],20k-40k,20k,40k,20.00 ,40.00 ,30.00
c++,UE4C++工程师（可接受无UE4经验，但C++基础好的同学）[北京・望京],20k-40k,20k,40k,20.00 ,40.00 ,30.00
c++,c++服务器开发工程师[北京・海淀区],15k-25k,15k,25k,15.00 ,25.00 ,20.00
c++,C++固件开发[北京・中关村],30k-35k,30k,35k,30.00 ,35.00 ,32.50
c++,中级c++开发工程师[深圳・福田区],14k-23k,14k,23k,14.00 ,23.00 ,18.50
c++,C++游戏后端开发工程师[北京・东城区],20k-40k,20k,40k,20.00 ,40.00 ,30.00
c++,C++后台开发[深圳・南山区],15k-30k,15k,30k,15.00 ,30.00 ,22.50
c++,c++开发工程师[杭州・仓前],25k-35k,25k,35k,25.00 ,35.00 ,30.00
c++,中高级C++开发工程师[广州・天河区],15k-25k,15k,25k,15.00 ,25.00 ,20.00
c++,c++开发工程师[广州・海珠区],11k-18k,11k,18k,11.00 ,18.00 ,14.50
c++,高级c++开发工程师[深圳・南头],15k-30k,15k,30k,15.00 ,30.00 ,22.50
c++,c++开发工程师[北京・海淀区],15k-25k,15k,25k,15.00 ,25.00 ,20.00
c++,高级c++开发工程师[成都・青羊区],10k-14k,10k,14k,10.00 ,14.00 ,12.00
c++,20052-架构开发工程师（C++/Go）[北京・海淀区],30k-60k,30k,60k,30.00 ,60.00 ,45.00
c++,C++/PC客户端研发工程师（XR相关方向）[深圳・南山区],30k-60k,30k,60k,30.00 ,60.00 ,45.00
c++,c++开发工程师[北京・北下关],30k-50k,30k,50k,30.00 ,50.00 ,40.00
c++,C++客户端开发[上海・静安区],15k-17k,15k,17k,15.00 ,17.00 ,16.00
c++,c++架构师[深圳・南山区],30k-60k,30k,60k,30.00 ,60.00 ,45.00
c++,C++开发工程师（校招）[杭州・仓前],8k-11k,8k,11k,8.00 ,11.00 ,9.50
c++,C++开发工程师（客户端）[广州・天河区],18k-35k,18k,35k,18.00 ,35.00 ,26.50
c++,中级c++开发工程师[成都・青羊区],8k-12k,8k,12k,8.00 ,12.00 ,10.00
c++,c++开发工程师[北京・西城区],20k-30k,20k,30k,20.00 ,30.00 ,25.00
c++,C++ 游戏后端初级程序[上海・七宝],10k-15k,10k,15k,10.00 ,15.00 ,12.50
c++,c++开发工程师[广州・萝岗区],12k-24k,12k,24k,12.00 ,24.00 ,18.00
c++,c++高级软件开发工程师[北京・东坝],35k-50k,35k,50k,35.00 ,50.00 ,42.50
c++,c++开发工程师[北京・五道口],25k-35k,25k,35k,25.00 ,35.00 ,30.00
c++,c++开发工程师[武汉・东湖新技术开发区],15k-25k,15k,25k,15.00 ,25.00 ,20.00
c++,C++服务端主程[广州・天河区],20k-30k,20k,30k,20.00 ,30.00 ,25.00
c++,23671-高级C/C++工程师（音视频方向）[北京・海淀区],30k-60k,30k,60k,30.00 ,60.00 ,45.00
c++,C++图像工程师――短视频产品[上海・闵行区],20k-40k,20k,40k,20.00 ,40.00 ,30.00
c++,c++开发工程师[上海・陆家嘴],20k-40k,20k,40k,20.00 ,40.00 ,30.00
c++,c++开发工程师[杭州・余杭区],10k-14k,10k,14k,10.00 ,14.00 ,12.00
c++,C++高级开发工程师（引擎研发）[广州・天河区],20k-40k,20k,40k,20.00 ,40.00 ,30.00
c++,C++ 游戏后端高级程序[上海・七宝],20k-30k,20k,30k,20.00 ,30.00 ,25.00
c++,c++服务端开发工程师[广州・天河区],11k-18k,11k,18k,11.00 ,18.00 ,14.50
c++,c++开发工程师[北京・万泉河],20k-35k,20k,35k,20.00 ,35.00 ,27.50
c++,c++开发工程师[深圳・罗湖区],15k-25k,15k,25k,15.00 ,25.00 ,20.00
c++,linux c/c++开发工程师[上海・张江],18k-35k,18k,35k,18.00 ,35.00 ,26.50
c++,c++开发工程师[上海・黄浦区],14k-22k,14k,22k,14.00 ,22.00 ,18.00
c++,c++/qt开发工程师[杭州・滨江区],13k-18k,13k,18k,13.00 ,18.00 ,15.50
c++,c++开发工程师[北京・望京],15k-22k,15k,22k,15.00 ,22.00 ,18.50
c++,C++高级开发工程师 (MJ000431)[上海・普陀区],35k-45k,35k,45k,35.00 ,45.00 ,40.00
c++,高级/资深c++开发工程师[上海・浦东新区],25k-45k,25k,45k,25.00 ,45.00 ,35.00
c++,高级C++渲染引擎开发工程师 - 小程序[杭州・余杭区],20k-40k,20k,40k,20.00 ,40.00 ,30.00
c++,c++开发工程师[北京・北下关],20k-40k,20k,40k,20.00 ,40.00 ,30.00
c++,中级C++开发工程师（CAD/图形开发）[广州・天河区],15k-30k,15k,30k,15.00 ,30.00 ,22.50
c++,c++/qt开发工程师[杭州・滨江区],10k-20k,10k,20k,10.00 ,20.00 ,15.00
c++,高级/资深c++开发工程师[武汉・洪山区],20k-35k,20k,35k,20.00 ,35.00 ,27.50
c++,c++客户端开发工程师（正编-在珠海金山总部办公）[深圳・南山区],20k-40k,20k,40k,20.00 ,40.00 ,30.00
c++,c++开发工程师[深圳・南山区],15k-25k,15k,25k,15.00 ,25.00 ,20.00
c++,c++开发工程师[杭州・滨江区],11k-20k,11k,20k,11.00 ,20.00 ,15.50
c++,C++开发工程师[上海・闵行区],9k-12k,9k,12k,9.00 ,12.00 ,10.50
c++,c++开发工程师[上海・曹路],15k-20k,15k,20k,15.00 ,20.00 ,17.50
c++,c++系统软件工程师[杭州・余杭区],17k-30k,17k,30k,17.00 ,30.00 ,23.50
c++,C++开发工程师[深圳・南山区],12k-24k,12k,24k,12.00 ,24.00 ,18.00
c++,软件工程师c++[北京・小关],9k-18k,9k,18k,9.00 ,18.00 ,13.50
c++,c++开发工程师[深圳・西丽],15k-25k,15k,25k,15.00 ,25.00 ,20.00
c++,c++开发工程师[北京・来广营],20k-30k,20k,30k,20.00 ,30.00 ,25.00
PHP,PHP开发工程师（随时随地自由工作）[北京・中关村],15k-25k,15k,25k,15.00 ,25.00 ,20.00
PHP,游戏服务器研发工程师（PHP）[上海・五里桥],12k-16k,12k,16k,12.00 ,16.00 ,14.00
PHP,Java/PHP 后台开发(应届)[长沙・雨花区],6k-12k,6k,12k,6.00 ,12.00 ,9.00
PHP,php开发工程师[深圳・西丽],14k-18k,14k,18k,14.00 ,18.00 ,16.00
PHP,高级PHP研发工程师[北京・丰台体育馆],15k-25k,15k,25k,15.00 ,25.00 ,20.00
PHP,PHP实习[成都・双楠],2k-4k,2k,4k,2.00 ,4.00 ,3.00
PHP,高级PHP/GO开发工程师(风控业务)[北京・朝阳区],25k-40k,25k,40k,25.00 ,40.00 ,32.50
PHP,中级开发工程师PHP/Java/Python[广州・江南大道],7k-10k,7k,10k,7.00 ,10.00 ,8.50
PHP,php开发工程师[武汉・洪山区],10k-15k,10k,15k,10.00 ,15.00 ,12.50
PHP,PHP技术开发经理[东莞・东莞市市辖区],12k-18k,12k,18k,12.00 ,18.00 ,15.00
PHP,php[珠海・前山],6k-12k,6k,12k,6.00 ,12.00 ,9.00
PHP,php开发工程师[广州・棠下],8k-15k,8k,15k,8.00 ,15.00 ,11.50
PHP,高级php开发工程师[广州・海珠区],11k-20k,11k,20k,11.00 ,20.00 ,15.50
PHP,资深PHP开发工程师[成都・锦江区],12k-24k,12k,24k,12.00 ,24.00 ,18.00
PHP,PHP 工程师[深圳・上步],7k-13k,7k,13k,7.00 ,13.00 ,10.00
PHP,php开发工程师（随时随地自由工作）[成都・高新区],12k-20k,12k,20k,12.00 ,20.00 ,16.00
PHP,高级PHP开发工程师（曲库方向）[北京・朝阳区],25k-35k,25k,35k,25.00 ,35.00 ,30.00
PHP,php开发工程师[成都・锦江区],8k-15k,8k,15k,8.00 ,15.00 ,11.50
PHP,PHP开发工程师[深圳・宝安区],6k-10k,6k,10k,6.00 ,10.00 ,8.00
PHP,php开发工程师[成都・高新区],6k-12k,6k,12k,6.00 ,12.00 ,9.00
PHP,php研发工程师（重庆）[重庆・凤天路],9k-15k,9k,15k,9.00 ,15.00 ,12.00
PHP,腾讯体育PHP/Golang后台开发工程师[北京・海淀区],30k-60k,30k,60k,30.00 ,60.00 ,45.00
PHP,高级PHP/GO研发工程师[北京・海淀区],20k-40k,20k,40k,20.00 ,40.00 ,30.00
PHP,php开发工程师[广州・番禺区],15k-30k,15k,30k,15.00 ,30.00 ,22.50
PHP,Java/PHP 后台开发(应届)[深圳・龙华新区],7k-14k,7k,14k,7.00 ,14.00 ,10.50
PHP,php开发工程师[深圳・大冲],15k-25k,15k,25k,15.00 ,25.00 ,20.00
PHP,PHP研发工程师[广州・龙口东],7k-14k,7k,14k,7.00 ,14.00 ,10.50
PHP,php网站开发实习生[广州・天河公园],3k-4k,3k,4k,3.00 ,4.00 ,3.50
PHP,高级php开发工程师[广州・番禺区],15k-30k,15k,30k,15.00 ,30.00 ,22.50
PHP,PHP开发工程师[广州・新港],11k-15k,11k,15k,11.00 ,15.00 ,13.00
PHP,php开发工程师（随时随地自由工作）[西安・雁塔区],12k-20k,12k,20k,12.00 ,20.00 ,16.00
PHP,php开发工程师[成都・高新区],6k-12k,6k,12k,6.00 ,12.00 ,9.00
PHP,PHP工程师 (Laravel 方向)[广州・东圃],10k-20k,10k,20k,10.00 ,20.00 ,15.00
PHP,PHP开发工程师[北京・中关村],20k-35k,20k,35k,20.00 ,35.00 ,27.50
PHP,php开发工程师[杭州・西兴],12k-18k,12k,18k,12.00 ,18.00 ,15.00
PHP,PHP后端开发工程师[北京・西三旗],20k-35k,20k,35k,20.00 ,35.00 ,27.50
PHP,高级PHP开发工程师 (MJ000884)[深圳・西丽],20k-30k,20k,30k,20.00 ,30.00 ,25.00
PHP,php开发工程师[广州・越秀区],8k-15k,8k,15k,8.00 ,15.00 ,11.50
PHP,php开发工程师[深圳・龙华新区],11k-20k,11k,20k,11.00 ,20.00 ,15.50
PHP,PHP助理工程师(应届)[北京・顺义区],8k-15k,8k,15k,8.00 ,15.00 ,11.50
PHP,php高级开发工程师[北京・海淀区],20k-35k,20k,35k,20.00 ,35.00 ,27.50
PHP,软件工程师（Python/PHP/Java）[北京・甜水园],18k-30k,18k,30k,18.00 ,30.00 ,24.00
PHP,后端开发工程师（GO、PHP）[北京・海淀区],25k-50k,25k,50k,25.00 ,50.00 ,37.50
PHP,PHP实习生[成都・高新区],3k-4k,3k,4k,3.00 ,4.00 ,3.50
PHP,php开发工程师[北京・左家庄],15k-25k,15k,25k,15.00 ,25.00 ,20.00
PHP,php开发工程师（随时随地自由兼职）[苏州・工业园区],12k-15k,12k,15k,12.00 ,15.00 ,13.50
PHP,PHP开发工程师 (MJ000876)[深圳・西丽],15k-25k,15k,25k,15.00 ,25.00 ,20.00
PHP,Java/PHP 后台开发(应届)[北京・西二旗],8k-16k,8k,16k,8.00 ,16.00 ,12.00
PHP,资深python/php开发工程师[珠海・香洲区],13k-20k,13k,20k,13.00 ,20.00 ,16.50
PHP,php开发工程师[成都・红星路],14k-28k,14k,28k,14.00 ,28.00 ,21.00
PHP,php开发工程师[深圳・南山区],10k-13k,10k,13k,10.00 ,13.00 ,11.50
PHP,php研发工程师[深圳・科技园],14k-18k,14k,18k,14.00 ,18.00 ,16.00
PHP,php开发实习[上海・浦东新区],3k-6k,3k,6k,3.00 ,6.00 ,4.50
PHP,php后端开发工程师[广州・黄埔区],9k-18k,9k,18k,9.00 ,18.00 ,13.50
PHP,PHP/Go研发工程师[北京・西北旺],35k-65k,35k,65k,35.00 ,65.00 ,50.00
PHP,php后端开发工程师[深圳・南山区],15k-25k,15k,25k,15.00 ,25.00 ,20.00
PHP,初级php开发工程师[北京・公主坟],12k-19k,12k,19k,12.00 ,19.00 ,15.50
PHP,php开发工程师[深圳・西丽],13k-25k,13k,25k,13.00 ,25.00 ,19.00
PHP,PHP开发工程师[深圳・南山区],18k-35k,18k,35k,18.00 ,35.00 ,26.50
PHP,高级php开发工程师[深圳・福田区],10k-16k,10k,16k,10.00 ,16.00 ,13.00
PHP,php开发工程师[武汉・关山],10k-15k,10k,15k,10.00 ,15.00 ,12.50
PHP,php开发工程师[上海・浦东新区],11k-16k,11k,16k,11.00 ,16.00 ,13.50
PHP,php开发工程师[北京・公主坟],12k-20k,12k,20k,12.00 ,20.00 ,16.00
PHP,php后端开发工程师[深圳・南山区],8k-13k,8k,13k,8.00 ,13.00 ,10.50
PHP,高级PHP开发工程师(J483325)[北京・望京],10k-20k,10k,20k,10.00 ,20.00 ,15.00
PHP,PHP高级软件开发（SD1703）[长沙・岳麓区],14k-18k,14k,18k,14.00 ,18.00 ,16.00
PHP,PHP WORDPRESS WEB开发高级工程师[成都・高新区],10k-15k,10k,15k,10.00 ,15.00 ,12.50
PHP,PHP研发工程师（校招）[北京・来广营],14k-20k,14k,20k,14.00 ,20.00 ,17.00
PHP,PHP开发工程师（腾讯云平台，急招！）[深圳・南山区],15k-30k,15k,30k,15.00 ,30.00 ,22.50
PHP,资深php工程师[北京・西北旺],35k-55k,35k,55k,35.00 ,55.00 ,45.00
PHP,php开发工程师[深圳・龙华新区],6k-12k,6k,12k,6.00 ,12.00 ,9.00
PHP,php开发工程师[广州・荔湾区],9k-15k,9k,15k,9.00 ,15.00 ,12.00
PHP,php中级开发工程师[北京・丰台区],13k-18k,13k,18k,13.00 ,18.00 ,15.50
PHP,PHP开发工程师（2022届校招）[深圳・宝安区],8k-12k,8k,12k,8.00 ,12.00 ,10.00
PHP,软件工程师PHP/Java[西安・雁塔区],9k-12k,9k,12k,9.00 ,12.00 ,10.50
PHP,PHP[广州・荔湾区],9k-11k,9k,11k,9.00 ,11.00 ,10.00
PHP,PHP/GO开发工程师(J10056)[北京・海淀区],18k-35k,18k,35k,18.00 ,35.00 ,26.50
PHP,PHP研发工程师[北京・中关村],15k-25k,15k,25k,15.00 ,25.00 ,20.00
PHP,PHP后端开发工程师(JEYU2)[深圳・南山区],18k-25k,18k,25k,18.00 ,25.00 ,21.50
PHP,php开发工程师[深圳・南油],12k-20k,12k,20k,12.00 ,20.00 ,16.00
PHP,PHP软件工程师[西安・雁塔区],15k-25k,15k,25k,15.00 ,25.00 ,20.00
PHP,php开发工程师[上海・张江],15k-25k,15k,25k,15.00 ,25.00 ,20.00
PHP,PHP软件工程师[广州・海珠区],6k-12k,6k,12k,6.00 ,12.00 ,9.00
PHP,php后端开发工程师[深圳・南山区],20k-40k,20k,40k,20.00 ,40.00 ,30.00
PHP,php开发工程师[杭州・西兴],12k-18k,12k,18k,12.00 ,18.00 ,15.00
PHP,PHP开发工程师(FFD1)[广州・海珠区],11k-20k,11k,20k,11.00 ,20.00 ,15.50
PHP,php开发工程师[福州・温泉],7k-10k,7k,10k,7.00 ,10.00 ,8.50
PHP,高级PHP/Go语言开发工程师[北京・朝阳区],15k-25k,15k,25k,15.00 ,25.00 ,20.00
PHP,php高级开发工程师[成都・高新区],15k-25k,15k,25k,15.00 ,25.00 ,20.00
PHP,中高级php开发工程师[深圳・大冲],18k-30k,18k,30k,18.00 ,30.00 ,24.00
PHP,后端工程师-PHP[北京・中关村],15k-25k,15k,25k,15.00 ,25.00 ,20.00
PHP,后端（php）开发工程师（2022届）[深圳・南山区],6k-10k,6k,10k,6.00 ,10.00 ,8.00
PHP,高级PHP开发工程师(FFD1)[广州・海珠区],15k-25k,15k,25k,15.00 ,25.00 ,20.00
PHP,高级php开发工程师[福州・温泉],11k-20k,11k,20k,11.00 ,20.00 ,15.50
PHP,高级PHP开发工程师[上海・浦东新区],18k-36k,18k,36k,18.00 ,36.00 ,27.00
PHP,php架构师[北京・昌平区],30k-60k,30k,60k,30.00 ,60.00 ,45.00
PHP,PHP技术工程师[广州・天河区],10k-16k,10k,16k,10.00 ,16.00 ,13.00
PHP,php开发工程师[上海・黄浦区],15k-30k,15k,30k,15.00 ,30.00 ,22.50
PHP,中级php开发工程师[北京・海淀区],13k-25k,13k,25k,13.00 ,25.00 ,19.00
PHP,php开发工程师[北京・北苑],18k-28k,18k,28k,18.00 ,28.00 ,23.00
PHP,PHP开发工程师[广州・越秀区],20k-40k,20k,40k,20.00 ,40.00 ,30.00
PHP,php开发工程师[深圳・华侨城],8k-16k,8k,16k,8.00 ,16.00 ,12.00
PHP,php开发工程师[上海・七宝],15k-25k,15k,25k,15.00 ,25.00 ,20.00
PHP,php开发工程师[广州・黄埔区],8k-15k,8k,15k,8.00 ,15.00 ,11.50
PHP,高级php开发工程师[广州・白云区],12k-18k,12k,18k,12.00 ,18.00 ,15.00
PHP,PHP高级工程师[北京・大山子],20k-40k,20k,40k,20.00 ,40.00 ,30.00
PHP,实习PHP后端[深圳・华侨城],3k-6k,3k,6k,3.00 ,6.00 ,4.50
PHP,中级PHP开发工程师[广州・黄埔区],12k-18k,12k,18k,12.00 ,18.00 ,15.00
PHP,php开发工程师[广州・白云区],8k-12k,8k,12k,8.00 ,12.00 ,10.00
PHP,高级php开发工程师[青岛・市北区],11k-20k,11k,20k,11.00 ,20.00 ,15.50
PHP,后端开发工程师(php)[苏州・工业园区],8k-15k,8k,15k,8.00 ,15.00 ,11.50
PHP,PHP 开发主管[广州・五山],20k-30k,20k,30k,20.00 ,30.00 ,25.00
PHP,PHP开发工程师-云链 (MJ000250)[深圳・科技园],16k-30k,16k,30k,16.00 ,30.00 ,23.00
PHP,高级php开发工程师[广州・东圃],15k-25k,15k,25k,15.00 ,25.00 ,20.00
PHP,中高级php工程师[上海・南京西路],13k-25k,13k,25k,13.00 ,25.00 ,19.00
PHP,php开发工程师[杭州・上城区],10k-15k,10k,15k,10.00 ,15.00 ,12.50
PHP,PHP开发工程师[北京・五道口],16k-25k,16k,25k,16.00 ,25.00 ,20.50
PHP,PHP开发（急招2人）[深圳・南山区],11k-16k,11k,16k,11.00 ,16.00 ,13.50
PHP,高级php开发工程师[上海・浦东新区],15k-25k,15k,25k,15.00 ,25.00 ,20.00
PHP,php工程师[广州・海珠区],8k-14k,8k,14k,8.00 ,14.00 ,11.00
PHP,高级PHP/Go服务端研发[北京・大山子],25k-50k,25k,50k,25.00 ,50.00 ,37.50
PHP,PHP高级开发工程师[广州・五山],15k-20k,15k,20k,15.00 ,20.00 ,17.50
PHP,PHP工程师[上海・南京西路],11k-20k,11k,20k,11.00 ,20.00 ,15.50
PHP,PHP开发工程师 (MJ000016)[深圳・南山区],15k-23k,15k,23k,15.00 ,23.00 ,19.00
PHP,PHP后端开发工程师[成都・高新区],12k-20k,12k,20k,12.00 ,20.00 ,16.00
PHP,php开发工程师[佛山・顺德区],14k-22k,14k,22k,14.00 ,22.00 ,18.00
PHP,PHP开发工程师 (MJ013689)[合肥・二环路],15k-25k,15k,25k,15.00 ,25.00 ,20.00
PHP,中高级php开发工程师[上海・张江],15k-25k,15k,25k,15.00 ,25.00 ,20.00
PHP,php高级开发工程师[北京・三里屯],15k-25k,15k,25k,15.00 ,25.00 ,20.00
PHP,php高级开发工程师[上海・张江],22k-26k,22k,26k,22.00 ,26.00 ,24.00
PHP,php开发工程师[北京・万寿路],8k-10k,8k,10k,8.00 ,10.00 ,9.00
PHP,php开发工程师[上海・普陀区],10k-15k,10k,15k,10.00 ,15.00 ,12.50
PHP,高级PHP开发工程师[广州・五山],15k-20k,15k,20k,15.00 ,20.00 ,17.50
PHP,php开发工程师[深圳・大冲],15k-30k,15k,30k,15.00 ,30.00 ,22.50
PHP,PHP高级开发工程师[成都・成华区],10k-16k,10k,16k,10.00 ,16.00 ,13.00
PHP,PHP开发工程师[广州・五山],10k-14k,10k,14k,10.00 ,14.00 ,12.00
PHP,php工程师[成都・高新区],4k-7k,4k,7k,4.00 ,7.00 ,5.50
PHP,高级PHP开发工程师 (MJ000015)[深圳・南山区],26k-40k,26k,40k,26.00 ,40.00 ,33.00
PHP,php开发工程师[北京・万寿路],10k-15k,10k,15k,10.00 ,15.00 ,12.50
PHP,PHP开发工程师[成都・成华区],5k-10k,5k,10k,5.00 ,10.00 ,7.50
PHP,资深PHP/go开发工程师[北京・海淀区],30k-50k,30k,50k,30.00 ,50.00 ,40.00
PHP,PHP开发工程师[北京・北苑],15k-30k,15k,30k,15.00 ,30.00 ,22.50
PHP,php开发工程师[上海・漕宝路],18k-35k,18k,35k,18.00 ,35.00 ,26.50
PHP,php[海口・美兰区],8k-15k,8k,15k,8.00 ,15.00 ,11.50
PHP,php开发工程师[广州・天河区],7k-12k,7k,12k,7.00 ,12.00 ,9.50
PHP,php程序员[中山・中山市市辖区],7k-11k,7k,11k,7.00 ,11.00 ,9.00
PHP,高级PHP开发工程师[北京・海淀区],15k-30k,15k,30k,15.00 ,30.00 ,22.50
PHP,php开发工程师（一年两次调薪机制 入职即购五险一金）[广州・海珠区],7k-10k,7k,10k,7.00 ,10.00 ,8.50
PHP,高级php开发工程师[厦门・集美区],15k-25k,15k,25k,15.00 ,25.00 ,20.00
PHP,php数据开发[北京・朝阳区],15k-25k,15k,25k,15.00 ,25.00 ,20.00
Android,android资深开发工程师[上海・张江],30k-45k,30k,45k,30.00 ,45.00 ,37.50
Android,android研发工程师[北京・知春路],15k-25k,15k,25k,15.00 ,25.00 ,20.00
Android,Android Tech Lead【No.002】[北京・宣武门],50k-80k,50k,80k,50.00 ,80.00 ,65.00
Android,高级android开发工程师[上海・黄浦区],25k-40k,25k,40k,25.00 ,40.00 ,32.50
Android,android开发工程师[上海・张江],18k-25k,18k,25k,18.00 ,25.00 ,21.50
Android,android app开发工程师[深圳・南山区],10k-20k,10k,20k,10.00 ,20.00 ,15.00
Android,Android开发工程师[深圳・南山区],13k-20k,13k,20k,13.00 ,20.00 ,16.50
Android,安卓android开发工程师[上海・闵行区],10k-20k,10k,20k,10.00 ,20.00 ,15.00
Android,android开发工程师[成都・驷马桥],10k-18k,10k,18k,10.00 ,18.00 ,14.00
Android,android开发工程师[西安・高新技术产业开发区],9k-13k,9k,13k,9.00 ,13.00 ,11.00
Android,android开发工程师[北京・大山子],15k-25k,15k,25k,15.00 ,25.00 ,20.00
Android,移动端Android工程师[上海・城隍庙],15k-20k,15k,20k,15.00 ,20.00 ,17.50
Android,安卓开发工程师（APP）[广州・天河北],13k-17k,13k,17k,13.00 ,17.00 ,15.00
Android,Android安卓开发[上海・徐汇区],15k-25k,15k,25k,15.00 ,25.00 ,20.00
Android,安卓android开发工程师（无锡）[苏州・高新区],10k-15k,10k,15k,10.00 ,15.00 ,12.50
Android,Android资深开发[北京・燕莎],30k-50k,30k,50k,30.00 ,50.00 ,40.00
Android,android开发工程师[北京・知春路],15k-23k,15k,23k,15.00 ,23.00 ,19.00
Android,android开发工程师[深圳・盐田区],25k-35k,25k,35k,25.00 ,35.00 ,30.00
Android,高级安卓开发工程师[上海・浦江],20k-35k,20k,35k,20.00 ,35.00 ,27.50
Android,Android开发[上海・徐汇区],12k-24k,12k,24k,12.00 ,24.00 ,18.00
Android,Android开发工程师[无锡・江阴市],10k-16k,10k,16k,10.00 ,16.00 ,13.00
Android,android开发工程师[成都・驷马桥],15k-20k,15k,20k,15.00 ,20.00 ,17.50
Android,安卓开发工程师[深圳・福田区],15k-30k,15k,30k,15.00 ,30.00 ,22.50
Android,安卓开发工程师[北京・海淀区],16k-18k,16k,18k,16.00 ,18.00 ,17.00
Android,android开发工程师[上海・浦东新区],20k-40k,20k,40k,20.00 ,40.00 ,30.00
Android,安卓应用工程师[成都・华阳],13k-25k,13k,25k,13.00 ,25.00 ,19.00
Android,JAVA、Android初级程序员[重庆・南岸区],6k-10k,6k,10k,6.00 ,10.00 ,8.00
Android,android开发工程师[广州・东风东],11k-17k,11k,17k,11.00 ,17.00 ,14.00
Android,android开发工程师[北京・朝阳区],20k-30k,20k,30k,20.00 ,30.00 ,25.00
Android,android开发工程师[合肥・蜀山区],13k-20k,13k,20k,13.00 ,20.00 ,16.50
Android,android高级开发工程师[北京・知春路],20k-25k,20k,25k,20.00 ,25.00 ,22.50
Android,高级安卓开发工程师[上海・浦江],15k-30k,15k,30k,15.00 ,30.00 ,22.50
Android,Android开发[上海・徐汇区],10k-18k,10k,18k,10.00 ,18.00 ,14.00
Android,安卓android开发工程师（中级）[深圳・福田区],20k-30k,20k,30k,20.00 ,30.00 ,25.00
Android,Android开发专家[北京・朝阳区],35k-50k,35k,50k,35.00 ,50.00 ,42.50
Android,JAVA、Android初级程序员[成都・金牛区],6k-12k,6k,12k,6.00 ,12.00 ,9.00
Android,Android性能优化开发工程师[深圳・新安],25k-30k,25k,30k,25.00 ,30.00 ,27.50
Android,安卓开发工程师[上海・漕宝路],35k-50k,35k,50k,35.00 ,50.00 ,42.50
Android,Android开发岗[深圳・福田区],20k-40k,20k,40k,20.00 ,40.00 ,30.00
Android,android应用开发[北京・西三旗],15k-30k,15k,30k,15.00 ,30.00 ,22.50
Android,android开发工程师[杭州・西溪],13k-18k,13k,18k,13.00 ,18.00 ,15.50
Android,Android底层开发专家[北京・朝阳区],30k-60k,30k,60k,30.00 ,60.00 ,45.00
Android,Android 高级开发工程师 [阿里巴巴旗下][北京・大望路],20k-30k,20k,30k,20.00 ,30.00 ,25.00
Android,高级Android开发工程师[北京・朝阳区],20k-40k,20k,40k,20.00 ,40.00 ,30.00
Android,安卓开发工程师[杭州・滨江区],15k-20k,15k,20k,15.00 ,20.00 ,17.50
Android,高级安卓android开发工程师[广州・白云大道],18k-25k,18k,25k,18.00 ,25.00 ,21.50
Android,android高级开发工程师[深圳・新安],25k-30k,25k,30k,25.00 ,30.00 ,27.50
Android,Android―SDK开发-双休、休闲竞品全球领先[北京・西三旗],15k-30k,15k,30k,15.00 ,30.00 ,22.50
Android,Android网络高级研发工程师[北京・朝阳区],30k-50k,30k,50k,30.00 ,50.00 ,40.00
Android,android开发工程师[北京・大望路],15k-25k,15k,25k,15.00 ,25.00 ,20.00
Android,安卓开发工程师[杭州・浦沿],20k-30k,20k,30k,20.00 ,30.00 ,25.00
Android,android开发工程师[广州・海珠区],12k-20k,12k,20k,12.00 ,20.00 ,16.00
Android,安卓开发工程师[上海・七宝],15k-24k,15k,24k,15.00 ,24.00 ,19.50
Android,高级android开发工程师[南京・江宁区],20k-40k,20k,40k,20.00 ,40.00 ,30.00
Android,android开发工程师[武汉・水果湖],10k-15k,10k,15k,10.00 ,15.00 ,12.50
Android,Android应用开发工程师[成都・高新区],8k-15k,8k,15k,8.00 ,15.00 ,11.50
Android,高级安卓开发工程师[深圳・宝安区],25k-40k,25k,40k,25.00 ,40.00 ,32.50
Android,android开发工程师[上海・金桥],18k-36k,18k,36k,18.00 ,36.00 ,27.00
Android,android开发工程师[成都・双流县],10k-15k,10k,15k,10.00 ,15.00 ,12.50
Android,Android开发工程师[成都・武侯区],9k-18k,9k,18k,9.00 ,18.00 ,13.50
Android,android应用开发-北京、休闲、免费食堂[北京・西三旗],15k-30k,15k,30k,15.00 ,30.00 ,22.50
Android,Android开发工程师-平台业务组[北京・朝阳区],20k-40k,20k,40k,20.00 ,40.00 ,30.00
Android,Android 初级开发工程师[北京・大望路],10k-20k,10k,20k,10.00 ,20.00 ,15.00
Android,Android安卓开发工程师[深圳・大冲],20k-30k,20k,30k,20.00 ,30.00 ,25.00
Android,Android开发工程师[杭州・余杭区],20k-35k,20k,35k,20.00 ,35.00 ,27.50
Android,android开发工程师[上海・浦东新区],18k-36k,18k,36k,18.00 ,36.00 ,27.00
Android,Android开发工程师[北京・回龙观],10k-15k,10k,15k,10.00 ,15.00 ,12.50
Android,Android工程师[杭州・余杭区],9k-13k,9k,13k,9.00 ,13.00 ,11.00
Android,android开发工程师[杭州・萧山区],15k-20k,15k,20k,15.00 ,20.00 ,17.50
Android,高级/资深Android开发工程师[北京・西北旺],25k-35k,25k,35k,25.00 ,35.00 ,30.00
Android,15575-《王者荣耀》社区产品Android客户端[深圳・南山区],30k-60k,30k,60k,30.00 ,60.00 ,45.00
Android,Android开发工程师-音视频方向[北京・海淀区],25k-50k,25k,50k,25.00 ,50.00 ,37.50
Android,android开发工程师[上海・徐汇区],15k-25k,15k,25k,15.00 ,25.00 ,20.00
Android,11312Z-资深Android开发工程师[深圳・南山区],15k-30k,15k,30k,15.00 ,30.00 ,22.50
Android,0242WC-Android开发工程师[深圳・福田区],10k-20k,10k,20k,10.00 ,20.00 ,15.00
Android,Android高级工程师[北京・朝阳区],20k-40k,20k,40k,20.00 ,40.00 ,30.00
Android,android逆向开发工程师[杭州・萧山区],15k-25k,15k,25k,15.00 ,25.00 ,20.00
Android,高级/资深Android开发工程师（富媒体） -[杭州・滨江区],20k-35k,20k,35k,20.00 ,35.00 ,27.50
Android,15575-《王者荣耀》赛事电视台Android客户端开发[深圳・南山区],30k-60k,30k,60k,30.00 ,60.00 ,45.00
Android,Android / iOS开发实习生 - 抖音跨平台[北京・海淀区],8k-16k,8k,16k,8.00 ,16.00 ,12.00
Android,Android开发工程师[广州・天河北],9k-18k,9k,18k,9.00 ,18.00 ,13.50
Android,资深安卓开发工程师[北京・百子湾],30k-50k,30k,50k,30.00 ,50.00 ,40.00
Android,android中高级开发工程师[广州・番禺区],12k-24k,12k,24k,12.00 ,24.00 ,18.00
Android,高级 / 资深 Android开发工程师[北京・朝阳区],25k-45k,25k,45k,25.00 ,45.00 ,35.00
Android,安卓开发工程师[上海・虹梅路],15k-30k,15k,30k,15.00 ,30.00 ,22.50
Android,安卓开发工程师[杭州・余杭区],10k-12k,10k,12k,10.00 ,12.00 ,11.00
Android,高级android开发工程师[深圳・大冲],20k-40k,20k,40k,20.00 ,40.00 ,30.00
Android,移动端开发工程师（IOS，Android ）[北京・立水桥],20k-30k,20k,30k,20.00 ,30.00 ,25.00
Android,android开发工程师[成都・武侯区],14k-25k,14k,25k,14.00 ,25.00 ,19.50
Android,android/ios开发工程师[广州・珠江新城],10k-15k,10k,15k,10.00 ,15.00 ,12.50
Android,美团平台-高级Android工程师[北京・朝阳区],30k-45k,30k,45k,30.00 ,45.00 ,37.50
Android,高级Android开发工程师[北京・西北旺],25k-50k,25k,50k,25.00 ,50.00 ,37.50
Android,47879-搜狗输入法-Android开发工程师（架构组）[北京・海淀区],30k-60k,30k,60k,30.00 ,60.00 ,45.00
Android,Android开发工程师 - 懂车帝[杭州・余杭区],25k-50k,25k,50k,25.00 ,50.00 ,37.50
Android,安卓开发工程师[上海・徐汇区],15k-21k,15k,21k,15.00 ,21.00 ,18.00
Android,移动端开发工程师/Android开发工程师[上海・杨浦区],20k-35k,20k,35k,20.00 ,35.00 ,27.50
Android,安卓开发工程师[广州・海珠区],15k-22k,15k,22k,15.00 ,22.00 ,18.50
Android,安卓android开发工程师（广州）[广州・珠江新城],10k-14k,10k,14k,10.00 ,14.00 ,12.00
Android,Android开发工程师（RN）[北京・朝阳区],25k-40k,25k,40k,25.00 ,40.00 ,32.50
Android,android开发工程师―架构方向[北京・中关村],25k-35k,25k,35k,25.00 ,35.00 ,30.00
Android,android高级开发工程师[北京・五道口],20k-35k,20k,35k,20.00 ,35.00 ,27.50
Android,高级android开发工程师（leader）[上海・五角场],25k-30k,25k,30k,25.00 ,30.00 ,27.50
Android,高级Android应用开发工程师[北京・西三旗],25k-40k,25k,40k,25.00 ,40.00 ,32.50
Android,安卓开发工程师[北京・朝阳区],20k-40k,20k,40k,20.00 ,40.00 ,30.00
Android,移动端leader（Android/Unity）[北京・海淀区],35k-50k,35k,50k,35.00 ,50.00 ,42.50
Android,资深/高级安卓开发工程师 - 邮件事业部196[杭州・长河],20k-30k,20k,30k,20.00 ,30.00 ,25.00
Android,15575-《王者荣耀》社区产品Android客户端[成都・高新区],30k-60k,30k,60k,30.00 ,60.00 ,45.00
Android,Android开发工程师―抖音用户增长[深圳・南山区],25k-50k,25k,50k,25.00 ,50.00 ,37.50
Android,Android开发工程师[北京・东坝],20k-30k,20k,30k,20.00 ,30.00 ,25.00
Android,技术经理-android[北京・海淀区],40k-80k,40k,80k,40.00 ,80.00 ,60.00
Android,高级android开发工程师[北京・朝阳区],20k-40k,20k,40k,20.00 ,40.00 ,30.00
Android,安卓android开发工程师[北京・呼家楼],25k-40k,25k,40k,25.00 ,40.00 ,32.50
Android,android测试实习生[广州・珠江新城],2k-4k,2k,4k,2.00 ,4.00 ,3.00
Android,Android资深工程师 - 性能/架构[上海・新天地],30k-60k,30k,60k,30.00 ,60.00 ,45.00
Android,Android开发工程师[广州・越秀区],13k-20k,13k,20k,13.00 ,20.00 ,16.50
Android,【2022】Android开发实习生[深圳・大冲],4k-5k,4k,5k,4.00 ,5.00 ,4.50
Android,android开发工程师[北京・朝阳区],15k-20k,15k,20k,15.00 ,20.00 ,17.50
Android,Java Android开发工程师[北京・朝阳区],8k-12k,8k,12k,8.00 ,12.00 ,10.00
Android,Android工程师[沈阳・浑南区],7k-12k,7k,12k,7.00 ,12.00 ,9.50
Android,Android开发工程师[深圳・科技园],15k-30k,15k,30k,15.00 ,30.00 ,22.50
Android,杭州_资深Android开发工程师[杭州・长河],30k-60k,30k,60k,30.00 ,60.00 ,45.00
Android,14703-TBS 客户端开发工程师（Android）（深圳）[深圳・南山区],30k-60k,30k,60k,30.00 ,60.00 ,45.00
Android,Android开发工程师 ― 抖音直播社区[深圳・南山区],30k-60k,30k,60k,30.00 ,60.00 ,45.00
Android,Android framework开发工程师[北京・海淀区],20k-40k,20k,40k,20.00 ,40.00 ,30.00
Android,android实习生[广州・珠江新城],2k-4k,2k,4k,2.00 ,4.00 ,3.00
Android,【2022校招】Android开发工程师[深圳・大冲],18k-30k,18k,30k,18.00 ,30.00 ,24.00
Android,android开发工程师[杭州・余杭区],18k-24k,18k,24k,18.00 ,24.00 ,21.00
Android,Android开发工程师[上海・普陀区],20k-30k,20k,30k,20.00 ,30.00 ,25.00
Android,高级android开发工程师[南京・奥体],20k-35k,20k,35k,20.00 ,35.00 ,27.50
Android,android系统工程师[北京・四惠],20k-30k,20k,30k,20.00 ,30.00 ,25.00
Android,高级android开发工程师[北京・五道口],20k-40k,20k,40k,20.00 ,40.00 ,30.00
Android,Software Engineer (Android Kotlin)[苏州・工业园区],14k-24k,14k,24k,14.00 ,24.00 ,19.00
Android,android开发工程师[北京・海淀区],15k-30k,15k,30k,15.00 ,30.00 ,22.50
Android,Android应用开发工程师[深圳・上沙],15k-30k,15k,30k,15.00 ,30.00 ,22.50
Android,高级android开发工程师[广州・天河区],20k-35k,20k,35k,20.00 ,35.00 ,27.50
Android,高级/资深Android开发工程师（直播）[杭州・长河],25k-50k,25k,50k,25.00 ,50.00 ,37.50
Android,48548-企鹅电竞Android开发工程师[深圳・南山区],30k-60k,30k,60k,30.00 ,60.00 ,45.00
Android,安卓SDK开发工程师[北京・海淀区],40k-80k,40k,80k,40.00 ,80.00 ,60.00
Android,android开发工程师―音视频方向[北京・中关村],30k-35k,30k,35k,30.00 ,35.00 ,32.50
Android,android系统开发工程师[北京・朝阳区],30k-60k,30k,60k,30.00 ,60.00 ,45.00
Android,安卓开发工程师[北京・四惠],20k-30k,20k,30k,20.00 ,30.00 ,25.00
Android,高级android开发工程师[北京・海淀区],20k-40k,20k,40k,20.00 ,40.00 ,30.00
Android,android应用开发工程师[深圳・上沙],8k-16k,8k,16k,8.00 ,16.00 ,12.00
Android,Android开发工程师[广州・天河区],12k-20k,12k,20k,12.00 ,20.00 ,16.00
Android,android开发工程师[北京・回龙观],20k-30k,20k,30k,20.00 ,30.00 ,25.00
Android,Android开发工程师[北京・左家庄],15k-28k,15k,28k,15.00 ,28.00 ,21.50
Android,android开发工程师[北京・海淀区],14k-20k,14k,20k,14.00 ,20.00 ,17.00
Android,音视频Android开发工程师 (MJ000137)[广州・五山],30k-40k,30k,40k,30.00 ,40.00 ,35.00
Android,android工程师[深圳・南山区],20k-30k,20k,30k,20.00 ,30.00 ,25.00
Android,高级Android开发工程师 (MJ002504)[广州・番禺区],30k-50k,30k,50k,30.00 ,50.00 ,40.00
iOS,ios资深开发工程师[上海・张江],30k-45k,30k,45k,30.00 ,45.00 ,37.50
iOS,iOS开发工程师[北京・知春路],15k-25k,15k,25k,15.00 ,25.00 ,20.00
iOS,iOS开发专家【No.002】[北京・宣武门],50k-80k,50k,80k,50.00 ,80.00 ,65.00
iOS,高级/资深ios开发工程师[上海・五角场],28k-55k,28k,55k,28.00 ,55.00 ,41.50
iOS,ios开发工程师[上海・张江],18k-25k,18k,25k,18.00 ,25.00 ,21.50
iOS,ios开发工程师[成都・驷马桥],15k-22k,15k,22k,15.00 ,22.00 ,18.50
iOS,ios开发工程师[西安・高新技术产业开发区],9k-12k,9k,12k,9.00 ,12.00 ,10.50
iOS,iOS高级开发工程师[广州・珠江新城],20k-35k,20k,35k,20.00 ,35.00 ,27.50
iOS,ios开发工程师[北京・朝阳区],15k-25k,15k,25k,15.00 ,25.00 ,20.00
iOS,ios开发工程师[深圳・龙华新区],18k-25k,18k,25k,18.00 ,25.00 ,21.50
iOS,ios开发工程师[合肥・高新区],15k-22k,15k,22k,15.00 ,22.00 ,18.50
iOS,ios开发工程师[北京・酒仙桥],35k-50k,35k,50k,35.00 ,50.00 ,42.50
iOS,iOS研发岗[深圳・福田区],20k-40k,20k,40k,20.00 ,40.00 ,30.00
iOS,ios开发工程师[杭州・西溪],15k-20k,15k,20k,15.00 ,20.00 ,17.50
iOS,高级iOS开发工程师[北京・朝阳区],20k-40k,20k,40k,20.00 ,40.00 ,30.00
iOS,ios资深开发工程师[北京・燕莎],30k-50k,30k,50k,30.00 ,50.00 ,40.00
iOS,iOS Tech Lead【No.002】[北京・宣武门],50k-80k,50k,80k,50.00 ,80.00 ,65.00
iOS,ios开发工程师[广州・珠江新城],12k-20k,12k,20k,12.00 ,20.00 ,16.00
iOS,ios开发工程师[成都・驷马桥],15k-22k,15k,22k,15.00 ,22.00 ,18.50
iOS,高级iOS研发工程师[北京・大屯],20k-40k,20k,40k,20.00 ,40.00 ,30.00
iOS,ios开发工程师[杭州・滨江区],20k-30k,20k,30k,20.00 ,30.00 ,25.00
iOS,信息安全部- iOS/macOS研发工程师[北京・朝阳区],30k-60k,30k,60k,30.00 ,60.00 ,45.00
iOS,高级ios开发工程师[南京・江宁区],20k-40k,20k,40k,20.00 ,40.00 ,30.00
iOS,ios开发工程师[北京・望京],15k-25k,15k,25k,15.00 ,25.00 ,20.00
iOS,ios开发工程师[上海・七宝],17k-25k,17k,25k,17.00 ,25.00 ,21.00
iOS,ios开发工程师[深圳・西丽],15k-30k,15k,30k,15.00 ,30.00 ,22.50
iOS,高级ios开发工程师[深圳・车公庙],25k-40k,25k,40k,25.00 ,40.00 ,32.50
iOS,ios开发工程师[北京・朝阳区],25k-40k,25k,40k,25.00 ,40.00 ,32.50
iOS,ios高级开发工程师[北京・来广营],30k-60k,30k,60k,30.00 ,60.00 ,45.00
iOS,ios开发工程师[深圳・大冲],16k-30k,16k,30k,16.00 ,30.00 ,23.00
iOS,ios开发工程师[杭州・浦沿],18k-28k,18k,28k,18.00 ,28.00 ,23.00
iOS,ios开发工程师[深圳・南山区],16k-31k,16k,31k,16.00 ,31.00 ,23.50
iOS,高级iOS开发工程师[北京・西北旺],25k-50k,25k,50k,25.00 ,50.00 ,37.50
iOS,15575-《王者荣耀》赛事电视台iOS客户端开发[深圳・南山区],30k-60k,30k,60k,30.00 ,60.00 ,45.00
iOS,iOS开发工程师-音视频方向[北京・海淀区],25k-50k,25k,50k,25.00 ,50.00 ,37.50
iOS,ios开发工程师[上海・徐汇区],15k-25k,15k,25k,15.00 ,25.00 ,20.00
iOS,资深ios工程师[上海・北外滩],20k-30k,20k,30k,20.00 ,30.00 ,25.00
iOS,1141AN-IOS技术专家[深圳・南山区],25k-35k,25k,35k,25.00 ,35.00 ,30.00
iOS,324176-iOS工程师[北京・朝阳区],15k-25k,15k,25k,15.00 ,25.00 ,20.00
iOS,0242WB-IOS开发工程师[深圳・福田区],10k-20k,10k,20k,10.00 ,20.00 ,15.00
iOS,c++开发工程师（ios方向）[杭州・余杭区],10k-12k,10k,12k,10.00 ,12.00 ,11.00
iOS,移动端开发工程师（IOS，Android ）[北京・立水桥],20k-30k,20k,30k,20.00 ,30.00 ,25.00
iOS,iOS开发工程师[广州・五山],10k-15k,10k,15k,10.00 ,15.00 ,12.50
iOS,android/ios开发工程师[广州・珠江新城],10k-15k,10k,15k,10.00 ,15.00 ,12.50
iOS,ios开发工程师[深圳・南山区],20k-28k,20k,28k,20.00 ,28.00 ,24.00
iOS,高级iOS开发工程师[北京・西北旺],25k-30k,25k,30k,25.00 ,30.00 ,27.50
iOS,15575-《王者荣耀》社区产品iOS客户端[深圳・南山区],30k-60k,30k,60k,30.00 ,60.00 ,45.00
iOS,iOS开发工程师―抖音用户增长[深圳・南山区],25k-50k,25k,50k,25.00 ,50.00 ,37.50
iOS,iOS开发工程师[广州・五山],6k-10k,6k,10k,6.00 ,10.00 ,8.00
iOS,ios开发工程师[上海・杨浦区],20k-40k,20k,40k,20.00 ,40.00 ,30.00
iOS,ios开发工程师[广州・元岗],9k-15k,9k,15k,9.00 ,15.00 ,12.00
iOS,ios开发工程师[北京・朝阳区],25k-40k,25k,40k,25.00 ,40.00 ,32.50
iOS,ios开发工程师[北京・海淀区],20k-30k,20k,30k,20.00 ,30.00 ,25.00
iOS,ios开发工程师[北京・朝阳区],20k-40k,20k,40k,20.00 ,40.00 ,30.00
iOS,iOS SDK开发工程师[广州・天河区],3k-6k,3k,6k,3.00 ,6.00 ,4.50
iOS,iOS资深工程师 - 性能/架构[上海・新天地],30k-60k,30k,60k,30.00 ,60.00 ,45.00
iOS,ios开发工程师[广州・越秀区],17k-22k,17k,22k,17.00 ,22.00 ,19.50
iOS,ios开发工程师[北京・五道口],15k-25k,15k,25k,15.00 ,25.00 ,20.00
iOS,【2022】IOS开发实习生[深圳・大冲],4k-5k,4k,5k,4.00 ,5.00 ,4.50
iOS,iOS开发工程师[上海・普陀区],20k-30k,20k,30k,20.00 ,30.00 ,25.00
iOS,资深iOS开发工程师-网易严选[杭州・长河],20k-40k,20k,40k,20.00 ,40.00 ,30.00
iOS,15575-《王者荣耀》社区产品iOS客户端[成都・高新区],30k-60k,30k,60k,30.00 ,60.00 ,45.00
iOS,Android / iOS开发实习生 - 抖音跨平台[北京・海淀区],8k-16k,8k,16k,8.00 ,16.00 ,12.00
iOS,iOS高级开发工程师[广州・五山],15k-20k,15k,20k,15.00 ,20.00 ,17.50
iOS,iOS开发工程师[北京・东坝],25k-40k,25k,40k,25.00 ,40.00 ,32.50
iOS,ios高级开发工程师/技术专家[北京・朝阳区],30k-60k,30k,60k,30.00 ,60.00 ,45.00
iOS,iOS资深工程师 - 性能/架构[北京・朝阳区],30k-60k,30k,60k,30.00 ,60.00 ,45.00
iOS,IOS研发（新皮玩）[深圳・大冲],20k-40k,20k,40k,20.00 ,40.00 ,30.00
iOS,高级iOS开发工程师-ToC[北京・朝阳区],20k-35k,20k,35k,20.00 ,35.00 ,27.50
iOS,ios开发工程师[广州・天河区],10k-19k,10k,19k,10.00 ,19.00 ,14.50
iOS,ios研发工程师[北京・左家庄],18k-30k,18k,30k,18.00 ,30.00 ,24.00
iOS,iOS开发工程师 (MJ000022)[广州・五山],20k-30k,20k,30k,20.00 ,30.00 ,25.00
iOS,ios过审[深圳・南山区],15k-25k,15k,25k,15.00 ,25.00 ,20.00
iOS,ios架构师[深圳・南山区],30k-50k,30k,50k,30.00 ,50.00 ,40.00
iOS,高级iOS开发工程师 (MJ001685)[广州・番禺区],25k-45k,25k,45k,25.00 ,45.00 ,35.00
iOS,资深iOS开发工程师[杭州・长河],30k-45k,30k,45k,30.00 ,45.00 ,37.50
iOS,15575-《王者荣耀》赛事电视台iOS客户端开发[成都・高新区],30k-60k,30k,60k,30.00 ,60.00 ,45.00
iOS,iOS开发工程师 - 懂车帝[杭州・余杭区],25k-50k,25k,50k,25.00 ,50.00 ,37.50
iOS,iOS开发实习生[广州・五山],2k-3k,2k,3k,2.00 ,3.00 ,2.50
iOS,【2022校招】iOS开发工程师[深圳・大冲],18k-30k,18k,30k,18.00 ,30.00 ,24.00
iOS,ios开发工程师[深圳・南山区],18k-35k,18k,35k,18.00 ,35.00 ,26.50
iOS,iOS开发工程师（游戏直播） (MJ003565)[广州・番禺区],18k-36k,18k,36k,18.00 ,36.00 ,27.00
iOS,资深ios开发工程师（B端产品线）[杭州・古荡],15k-20k,15k,20k,15.00 ,20.00 ,17.50
iOS,IOS开发工程师[广州・天河区],12k-18k,12k,18k,12.00 ,18.00 ,15.00
iOS,ios开发工程师[北京・西三旗],20k-40k,20k,40k,20.00 ,40.00 ,30.00
iOS,客户端开发工程师-Android/iOS[北京・海淀区],8k-15k,8k,15k,8.00 ,15.00 ,11.50
iOS,ios开发工程师[北京・望京],15k-30k,15k,30k,15.00 ,30.00 ,22.50
iOS,ios开发工程师[上海・张江],16k-32k,16k,32k,16.00 ,32.00 ,24.00
iOS,校招-ios开发工程师[广州・海珠区],8k-15k,8k,15k,8.00 ,15.00 ,11.50
iOS,Java/前端/Android/IOS/大数据岗（可应届）[上海・张江],20k-28k,20k,28k,20.00 ,28.00 ,24.00
iOS,26563-iOS开发工程师[深圳・南山区],30k-60k,30k,60k,30.00 ,60.00 ,45.00
iOS,iOS资深研发工程师 - 基础体验优化[北京・海淀区],25k-50k,25k,50k,25.00 ,50.00 ,37.50
iOS,ios开发工程师[杭州・古荡],10k-15k,10k,15k,10.00 ,15.00 ,12.50
iOS,Java/前端/Android/IOS/大数据岗（可应届）[上海・张江],20k-28k,20k,28k,20.00 ,28.00 ,24.00
iOS,高级/资深 iOS 开发工程师[深圳・科技园],18k-25k,18k,25k,18.00 ,25.00 ,21.50
iOS,ios开发工程师[武汉・东湖新技术开发区],15k-25k,15k,25k,15.00 ,25.00 ,20.00
iOS,ios开发工程师[广州・天河区],13k-20k,13k,20k,13.00 ,20.00 ,16.50
iOS,IOS开发工程师[深圳・大冲],15k-28k,15k,28k,15.00 ,28.00 ,21.50
iOS,IOS 客户端开发[深圳・科技园],20k-30k,20k,30k,20.00 ,30.00 ,25.00
iOS,ios开发工程师[深圳・南山区],15k-20k,15k,20k,15.00 ,20.00 ,17.50
iOS,ios开发工程师[杭州・滨江区],13k-24k,13k,24k,13.00 ,24.00 ,18.50
iOS,ios开发工程师[北京・中关村],14k-17k,14k,17k,14.00 ,17.00 ,15.50
iOS,ios开发工程师（珠海金山总部办公）[深圳・南山区],20k-40k,20k,40k,20.00 ,40.00 ,30.00
iOS,iOS开发工程师[深圳・西丽],15k-30k,15k,30k,15.00 ,30.00 ,22.50
iOS,ios开发工程师[深圳・科技园],15k-22k,15k,22k,15.00 ,22.00 ,18.50
iOS,48548-企鹅电竞-iOS开发工程师[深圳・南山区],30k-60k,30k,60k,30.00 ,60.00 ,45.00
iOS,iOS负责人-国际化直播-电商[深圳・南山区],60k-100k,60k,100k,60.00 ,100.00 ,80.00
iOS,资深ios开发工程师（C端产品线）[杭州・古荡],15k-20k,15k,20k,15.00 ,20.00 ,17.50
iOS,Java/前端/Android/IOS/大数据岗（可应届）[上海・浦东新区],20k-28k,20k,28k,20.00 ,28.00 ,24.00
iOS,2022校招-iOS开发工程师[深圳・科技园],15k-30k,15k,30k,15.00 ,30.00 ,22.50
iOS,ios开发工程师[深圳・科技园],15k-22k,15k,22k,15.00 ,22.00 ,18.50
iOS,高级iOS开发（Swift）[深圳・深圳湾],20k-35k,20k,35k,20.00 ,35.00 ,27.50
iOS,ios开发工程师[杭州・余杭区],12k-20k,12k,20k,12.00 ,20.00 ,16.00
iOS,游戏运营（IOS方向）[广州・天河软件园],4k-7k,4k,7k,4.00 ,7.00 ,5.50
iOS,IOS开发工程师（远程办公)[北京・海淀区],10k-20k,10k,20k,10.00 ,20.00 ,15.00
iOS,ios开发工程师[北京・朝阳区],30k-45k,30k,45k,30.00 ,45.00 ,37.50
iOS,ios工程师[深圳・西乡],7k-12k,7k,12k,7.00 ,12.00 ,9.50
iOS,ios开发工程师[上海・青浦区],20k-35k,20k,35k,20.00 ,35.00 ,27.50
iOS,ios开发工程师[深圳・福田区],12k-18k,12k,18k,12.00 ,18.00 ,15.00
iOS,iOS开发工程师[上海・普陀区],15k-25k,15k,25k,15.00 ,25.00 ,20.00
iOS,48634-腾讯视频ios开发/android开发-专项R（北京）[北京・海淀区],30k-60k,30k,60k,30.00 ,60.00 ,45.00
iOS,iOS开发工程师 ― 抖音直播社区[深圳・南山区],30k-60k,30k,60k,30.00 ,60.00 ,45.00
iOS,iOS开发工程师[深圳・深圳湾],10k-20k,10k,20k,10.00 ,20.00 ,15.00
iOS,ios高级开发工程师[杭州・余杭区],20k-35k,20k,35k,20.00 ,35.00 ,27.50
iOS,ios开发[广州・天河软件园],10k-15k,10k,15k,10.00 ,15.00 ,12.50
iOS,ios开发工程师（远程办公）[北京・海淀区],10k-20k,10k,20k,10.00 ,20.00 ,15.00
iOS,ios开发工程师[北京・海淀区],20k-25k,20k,25k,20.00 ,25.00 ,22.50
iOS,iOS研发工程师 (MJ000160)[上海・虹桥],15k-30k,15k,30k,15.00 ,30.00 ,22.50
iOS,高级iOS工程师 (MJ000710)[上海・闵行区],20k-26k,20k,26k,20.00 ,26.00 ,23.00
iOS,iOS 开发工程师[北京・望京],15k-30k,15k,30k,15.00 ,30.00 ,22.50
iOS,2022届校招-ios开发工程师[北京・西三旗],15k-30k,15k,30k,15.00 ,30.00 ,22.50
iOS,ios开发工程师[北京・西三旗],25k-50k,25k,50k,25.00 ,50.00 ,37.50
iOS,iOS架构师[上海・浦东新区],30k-50k,30k,50k,30.00 ,50.00 ,40.00
iOS,iOS开发工程师[北京・海淀区],15k-25k,15k,25k,15.00 ,25.00 ,20.00
iOS,ios实习生[上海・普陀区],4k-6k,4k,6k,4.00 ,6.00 ,5.00
iOS,高级iOS研发工程师-抖音开放平台toB[北京・海淀区],25k-50k,25k,50k,25.00 ,50.00 ,37.50
iOS,iOS开发[深圳・深圳湾],10k-20k,10k,20k,10.00 ,20.00 ,15.00
iOS,ios开发工程师[北京・海淀区],12k-20k,12k,20k,12.00 ,20.00 ,16.00
iOS,ios高级研发工程师[北京・海淀区],20k-25k,20k,25k,20.00 ,25.00 ,22.50
iOS,iOS工程师 (MJ000709)[上海・闵行区],10k-16k,10k,16k,10.00 ,16.00 ,13.00
iOS,iOS开发工程师[上海・浦东新区],10k-20k,10k,20k,10.00 ,20.00 ,15.00
iOS,iOS移动安全开发工程师[北京・朝阳区],30k-50k,30k,50k,30.00 ,50.00 ,40.00
iOS,ios开发工程师[深圳・南山区],15k-20k,15k,20k,15.00 ,20.00 ,17.50
iOS,高级IOS工程师(J483100)[北京・朝阳区],15k-25k,15k,25k,15.00 ,25.00 ,20.00
iOS,IOS（22届校招）[上海・徐家汇],15k-25k,15k,25k,15.00 ,25.00 ,20.00
iOS,ios开发工程师[上海・中山公园],12k-18k,12k,18k,12.00 ,18.00 ,15.00
iOS,iOS开发工程师[广州・天河区],18k-33k,18k,33k,18.00 ,33.00 ,25.50
iOS,IOS研发工程师（校招）[北京・来广营],13k-17k,13k,17k,13.00 ,17.00 ,15.00
iOS,ios开发工程师[广州・五山],15k-20k,15k,20k,15.00 ,20.00 ,17.50
iOS,高级iOS工程师 (MJ000127)[北京・北京站],20k-35k,20k,35k,20.00 ,35.00 ,27.50
Python,Python数据分析工程师[上海・七宝],8k-15k,8k,15k,8.00 ,15.00 ,11.50
Python,Python开发工程师[北京・海淀区],10k-20k,10k,20k,10.00 ,20.00 ,15.00
Python,python开发工程师[上海・浦东新区],15k-30k,15k,30k,15.00 ,30.00 ,22.50
Python,高级 Python 工程师[深圳・南山区],25k-50k,25k,50k,25.00 ,50.00 ,37.50
Python,python开发工程师[上海・金桥],18k-25k,18k,25k,18.00 ,25.00 ,21.50
Python,python工程师[北京・海淀区],15k-20k,15k,20k,15.00 ,20.00 ,17.50
Python,Python开发工程师[深圳・科技园],13k-20k,13k,20k,13.00 ,20.00 ,16.50
Python,python开发工程师[北京・西北旺],14k-22k,14k,22k,14.00 ,22.00 ,18.00
Python,python爬虫工程师[成都・高新区],10k-12k,10k,12k,10.00 ,12.00 ,11.00
Python,python数据分析师[上海・静安区],12k-16k,12k,16k,12.00 ,16.00 ,14.00
Python,高级Python开发工程师[上海・杨浦区],15k-30k,15k,30k,15.00 ,30.00 ,22.50
Python,python工程师[北京・朝阳区],20k-25k,20k,25k,20.00 ,25.00 ,22.50
Python,中级开发工程师PHP/Java/Python[广州・江南大道],7k-10k,7k,10k,7.00 ,10.00 ,8.50
Python,python数据采集[武汉・洪山区],8k-12k,8k,12k,8.00 ,12.00 ,10.00
Python,python开发工程师[杭州・浦沿],12k-18k,12k,18k,12.00 ,18.00 ,15.00
Python,python开发工程师[上海・七宝],10k-20k,10k,20k,10.00 ,20.00 ,15.00
Python,初级Python研发工程师[北京・海淀区],8k-16k,8k,16k,8.00 ,16.00 ,12.00
Python,python后端开发工程师[上海・浦东新区],20k-40k,20k,40k,20.00 ,40.00 ,30.00
Python,Python 工程师[深圳・南山区],12k-23k,12k,23k,12.00 ,23.00 ,17.50
Python,python开发工程师[广州・天河区],16k-32k,16k,32k,16.00 ,32.00 ,24.00
Python,python研发工程师[上海・杨浦区],15k-30k,15k,30k,15.00 ,30.00 ,22.50
Python,Python技术经理[深圳・福田区],18k-32k,18k,32k,18.00 ,32.00 ,25.00
Python,高级Python后端开发[广州・珠江新城],15k-25k,15k,25k,15.00 ,25.00 ,20.00
Python,python开发工程师[成都・高新区],8k-15k,8k,15k,8.00 ,15.00 ,11.50
Python,python后端开发工程师[上海・华漕],15k-25k,15k,25k,15.00 ,25.00 ,20.00
Python,python后端开发工程师[上海・龙华],14k-28k,14k,28k,14.00 ,28.00 ,21.00
Python,Python软件研发工程师[北京・朝阳区],15k-25k,15k,25k,15.00 ,25.00 ,20.00
Python,python[杭州・萧山区],15k-25k,15k,25k,15.00 ,25.00 ,20.00
Python,python开发工程师-电商[杭州・余杭区],20k-40k,20k,40k,20.00 ,40.00 ,30.00
Python,1141CZ-智能化运维工程师-Python[深圳・南山区],15k-30k,15k,30k,15.00 ,30.00 ,22.50
Python,python开发工程师（数据分析方向）[杭州・上城区],9k-18k,9k,18k,9.00 ,18.00 ,13.50
Python,python开发工程师[广州・越秀区],6k-12k,6k,12k,6.00 ,12.00 ,9.00
Python,python开发工程师[上海・华漕],12k-18k,12k,18k,12.00 ,18.00 ,15.00
Python,python数据分析[上海・徐家汇],6k-12k,6k,12k,6.00 ,12.00 ,9.00
Python,Python[杭州・萧山区],18k-30k,18k,30k,18.00 ,30.00 ,24.00
Python,Python后端高级开发工程师――抖音[北京・海淀区],25k-50k,25k,50k,25.00 ,50.00 ,37.50
Python,1141FV-资深go/python工程师[深圳・南山区],15k-25k,15k,25k,15.00 ,25.00 ,20.00
Python,03425T-python开发-核心团队[深圳・福田区],16k-30k,16k,30k,16.00 ,30.00 ,23.00
Python,Python高级软件工程师[广州・天河北],9k-18k,9k,18k,9.00 ,18.00 ,13.50
Python,Python开发工程师[北京・大山子],20k-35k,20k,35k,20.00 ,35.00 ,27.50
Python,python开发工程师[上海・陆家嘴],20k-40k,20k,40k,20.00 ,40.00 ,30.00
Python,python开发工程师[广州・珠江新城],10k-15k,10k,15k,10.00 ,15.00 ,12.50
Python,高级python开发工程师（后端开发）[成都・高新区],18k-25k,18k,25k,18.00 ,25.00 ,21.50
Python,后端 leader-Python / Go[北京・小关],25k-50k,25k,50k,25.00 ,50.00 ,37.50
Python,python开发工程师[上海・徐汇区],13k-18k,13k,18k,13.00 ,18.00 ,15.50
Python,Python后端高级开发工程师 ― 抖音[深圳・南山区],30k-60k,30k,60k,30.00 ,60.00 ,45.00
Python,1141JA-Python后端开发工程师[北京・朝阳区],15k-25k,15k,25k,15.00 ,25.00 ,20.00
Python,python讲师/编程老师（初高中）[广州・天河北],7k-14k,7k,14k,7.00 ,14.00 ,10.50
Python,python开发工程师[上海・陆家嘴],15k-30k,15k,30k,15.00 ,30.00 ,22.50
Python,Python算法工程师[上海・徐汇区],13k-20k,13k,20k,13.00 ,20.00 ,16.50
Python,python[上海・张江],20k-30k,20k,30k,20.00 ,30.00 ,25.00
Python,python开发工程师[深圳・上沙],15k-20k,15k,20k,15.00 ,20.00 ,17.50
Python,python高级开发工程师[北京・亮马桥],15k-30k,15k,30k,15.00 ,30.00 ,22.50
Python,高级Java/Python/C++开发工程师[上海・闵行区],30k-50k,30k,50k,30.00 ,50.00 ,40.00
Python,中高级Python开发工程师[北京・五道口],20k-40k,20k,40k,20.00 ,40.00 ,30.00
Python,Python自动化测试工程师[上海・浦东新区],13k-25k,13k,25k,13.00 ,25.00 ,19.00
Python,python后端开发工程师[北京・中关村],20k-35k,20k,35k,20.00 ,35.00 ,27.50
Python,Python工程师 (MJ000993)[深圳・西丽],15k-30k,15k,30k,15.00 ,30.00 ,22.50
Python,Python开发工程师[深圳・南山区],20k-40k,20k,40k,20.00 ,40.00 ,30.00
Python,python开发工程师[北京・五道口],11k-20k,11k,20k,11.00 ,20.00 ,15.50
Python,Python 研发工程师[北京・海淀区],30k-60k,30k,60k,30.00 ,60.00 ,45.00
Python,python高级开发工程师[北京・北下关],30k-50k,30k,50k,30.00 ,50.00 ,40.00
Python,Python数据分析工程师[上海・徐汇区],13k-20k,13k,20k,13.00 ,20.00 ,16.50
Python,python开发工程师(NLP方向)[北京・亮马桥],20k-40k,20k,40k,20.00 ,40.00 ,30.00
Python,c++/python/golang工程师[北京・中关村],20k-40k,20k,40k,20.00 ,40.00 ,30.00
Python,Python开发实习生[北京・朝阳区],4k-8k,4k,8k,4.00 ,8.00 ,6.00
Python,软件工程师（Python/PHP/Java）[北京・甜水园],18k-30k,18k,30k,18.00 ,30.00 ,24.00
Python,开发工程师（Java / python)[广州・天河区],16k-20k,16k,20k,16.00 ,20.00 ,18.00
Python,Python-后端开发工程师-J736184[杭州・余杭区],15k-30k,15k,30k,15.00 ,30.00 ,22.50
Python,Python数据开发[杭州・近江],15k-20k,15k,20k,15.00 ,20.00 ,17.50
Python,python工程师[北京・海淀区],15k-30k,15k,30k,15.00 ,30.00 ,22.50
Python,python爬虫工程师[北京・西三旗],20k-40k,20k,40k,20.00 ,40.00 ,30.00
Python,python开发工程师[北京・大兴区],10k-20k,10k,20k,10.00 ,20.00 ,15.00
Python,python爬虫工程师[深圳・南山区],10k-15k,10k,15k,10.00 ,15.00 ,12.50
Python,python开发工程师[广州・天河区],8k-15k,8k,15k,8.00 ,15.00 ,11.50
Python,Python开发工程师（Devops方向）[北京・海淀区],25k-50k,25k,50k,25.00 ,50.00 ,37.50
Python,高级python工程师[北京・中关村],15k-30k,15k,30k,15.00 ,30.00 ,22.50
Python,Python开发工程师[北京・甜水园],18k-30k,18k,30k,18.00 ,30.00 ,24.00
Python,后端开发实习生（Python）[杭州・西溪],4k-6k,4k,6k,4.00 ,6.00 ,5.00
Python,python开发工程师[广州・海珠区],9k-12k,9k,12k,9.00 ,12.00 ,10.50
Python,Python爬虫实习生[深圳・南山区],4k-6k,4k,6k,4.00 ,6.00 ,5.00
Python,Python爬虫工程师[广州・天河区],10k-14k,10k,14k,10.00 ,14.00 ,12.00
Python,python爬虫工程师[长沙・开福区],6k-10k,6k,10k,6.00 ,10.00 ,8.00
Python,python/java全栈工程师[广州・越秀区],6k-10k,6k,10k,6.00 ,10.00 ,8.00
Python,python工程师(sre+devops方向)[上海・五角场],15k-30k,15k,30k,15.00 ,30.00 ,22.50
Python,校招-python开发工程师[广州・海珠区],8k-15k,8k,15k,8.00 ,15.00 ,11.50
Python,资深python开发工程师[上海・城隍庙],20k-40k,20k,40k,20.00 ,40.00 ,30.00
Python,Python开发工程师[北京・西城区],20k-30k,20k,30k,20.00 ,30.00 ,25.00
Python,python开发工程师[广州・萝岗区],9k-18k,9k,18k,9.00 ,18.00 ,13.50
Python,python开发工程师[上海・杨浦区],12k-20k,12k,20k,12.00 ,20.00 ,16.00
Python,Python开发工程师-安全方向[北京・海淀区],20k-40k,20k,40k,20.00 ,40.00 ,30.00
Python,python开发工程师[武汉・关山],8k-15k,8k,15k,8.00 ,15.00 ,11.50
Python,后端开发实习生（Python）-J772357[杭州・余杭区],4k-5k,4k,5k,4.00 ,5.00 ,4.50
Python,python开发工程师[深圳・南山区],10k-15k,10k,15k,10.00 ,15.00 ,12.50
Python,Python爬虫实习生[深圳・科技园],4k-6k,4k,6k,4.00 ,6.00 ,5.00
Python,Python开发?程师[上海・五角场],10k-15k,10k,15k,10.00 ,15.00 ,12.50
Python,python开发工程师[上海・城隍庙],15k-30k,15k,30k,15.00 ,30.00 ,22.50
Python,python开发工程师（2022届毕业生）[北京・西城区],15k-25k,15k,25k,15.00 ,25.00 ,20.00
Python,python开发工程师[北京・学院路],10k-20k,10k,20k,10.00 ,20.00 ,15.00
Python,python开发工程师[上海・城隍庙],9k-12k,9k,12k,9.00 ,12.00 ,10.50
Python,python开发工程师[北京・海淀区],15k-30k,15k,30k,15.00 ,30.00 ,22.50
Python,python开发工程师[深圳・罗湖区],10k-15k,10k,15k,10.00 ,15.00 ,12.50
Python,python开发工程师[上海・城隍庙],13k-18k,13k,18k,13.00 ,18.00 ,15.50
Python,python后端开发工程师[上海・徐汇区],10k-15k,10k,15k,10.00 ,15.00 ,12.50
Python,python[上海・长宁区],15k-25k,15k,25k,15.00 ,25.00 ,20.00
Python,后端开发工程师 ― 住小帮（Java/python/go）[北京・海淀区],30k-60k,30k,60k,30.00 ,60.00 ,45.00
Python,资深python/php开发工程师[珠海・香洲区],13k-20k,13k,20k,13.00 ,20.00 ,16.50
Python,python爬虫工程师[深圳・科技园],10k-15k,10k,15k,10.00 ,15.00 ,12.50
Python,python开发(系统开发方向)[上海・五角场],15k-30k,15k,30k,15.00 ,30.00 ,22.50
Python,python全栈工程师[上海・城隍庙],20k-40k,20k,40k,20.00 ,40.00 ,30.00
Python,python[上海・龙柏],15k-30k,15k,30k,15.00 ,30.00 ,22.50
Python,python爬虫工程师[深圳・华强北],12k-24k,12k,24k,12.00 ,24.00 ,18.00
Python,python开发工程师[北京・中关村],16k-20k,16k,20k,16.00 ,20.00 ,18.00
Python,中间件工程师（Go/python）[北京・四惠],25k-50k,25k,50k,25.00 ,50.00 ,37.50
Python,Python工程师[深圳・南山区],15k-30k,15k,30k,15.00 ,30.00 ,22.50
Python,python开发工程师[成都・高新区],12k-18k,12k,18k,12.00 ,18.00 ,15.00
Python,python开发工程师[成都・武侯区],11k-17k,11k,17k,11.00 ,17.00 ,14.00
Python,资深python开发工程师[上海・青浦区],20k-30k,20k,30k,20.00 ,30.00 ,25.00
Python,python工程师[成都・武侯区],12k-18k,12k,18k,12.00 ,18.00 ,15.00
Python,python开发工程师[上海・北新泾],13k-25k,13k,25k,13.00 ,25.00 ,19.00
Python,Python开发工程师（研发效率方向）[上海・闵行区],25k-50k,25k,50k,25.00 ,50.00 ,37.50
Python,python工程师[成都・高新区],10k-16k,10k,16k,10.00 ,16.00 ,13.00
Python,python后台开发工程师[深圳・科技园],13k-15k,13k,15k,13.00 ,15.00 ,14.00
Python,后端工程师（python）[上海・普陀区],15k-25k,15k,25k,15.00 ,25.00 ,20.00
Python,高级python开发工程师[北京・海淀区],18k-35k,18k,35k,18.00 ,35.00 ,26.50
Python,python爬虫工程师[重庆・渝北区],8k-12k,8k,12k,8.00 ,12.00 ,10.00
Python,python开发工程师[上海・长宁区],20k-30k,20k,30k,20.00 ,30.00 ,25.00
Python,python开发工程师[上海・静安区],20k-40k,20k,40k,20.00 ,40.00 ,30.00
Python,高级python测试开发(J483114)[北京・望京],15k-25k,15k,25k,15.00 ,25.00 ,20.00
Python,python爬虫工程师[北京・西三旗],30k-50k,30k,50k,30.00 ,50.00 ,40.00
Python,高级python开发工程师[北京・朝阳区],20k-40k,20k,40k,20.00 ,40.00 ,30.00
Python,后端开发工程师（python/golang）[上海・七宝],20k-35k,20k,35k,20.00 ,35.00 ,27.50
Python,Python工程师[长沙・岳麓区],10k-15k,10k,15k,10.00 ,15.00 ,12.50
Python,python【包吃+不用打卡+健身房理发等配套设施齐全】[深圳・西丽],12k-17k,12k,17k,12.00 ,17.00 ,14.50
Python,python开发工程师[北京・朝阳区],20k-40k,20k,40k,20.00 ,40.00 ,30.00
Python,Python开发工程师-变现业务[北京・海淀区],25k-40k,25k,40k,25.00 ,40.00 ,32.50
Python,高级python开发工程师[北京・望京],15k-30k,15k,30k,15.00 ,30.00 ,22.50
Python,python数据分析师[深圳・科技园],10k-16k,10k,16k,10.00 ,16.00 ,13.00
Python,python开发工程师【双倍过年假】[上海・周家桥],14k-20k,14k,20k,14.00 ,20.00 ,17.00
Python,Python研发工程师（校招）[北京・来广营],13k-17k,13k,17k,13.00 ,17.00 ,15.00
Python,python开发工程师[北京・回龙观],25k-35k,25k,35k,25.00 ,35.00 ,30.00
Python,python开发工程师[北京・海淀区],13k-18k,13k,18k,13.00 ,18.00 ,15.50
Python,Python后台开发（腾讯云平台，急招!）[深圳・南山区],15k-30k,15k,30k,15.00 ,30.00 ,22.50
Python,Python数据分析师[北京・北七家],15k-20k,15k,20k,15.00 ,20.00 ,17.50
Python,python开发工程师[深圳・龙华新区],6k-12k,6k,12k,6.00 ,12.00 ,9.00
Python,python后端开发工程师[北京・海淀区],18k-35k,18k,35k,18.00 ,35.00 ,26.50
Python,python开发工程师[广州・珠江新城],10k-15k,10k,15k,10.00 ,15.00 ,12.50
Python,JAVA/Python开发工程师（青岛）[青岛・中韩],15k-25k,15k,25k,15.00 ,25.00 ,20.00
Python,python开发工程师[上海・嘉定区],25k-30k,25k,30k,25.00 ,30.00 ,27.50
Python,linux c/c++ Java Python（嘉兴事业单位，全球引才）[北京・海淀区],20k-40k,20k,40k,20.00 ,40.00 ,30.00
web前端,Web前端开发工程师(angular)[上海・静安区],12k-18k,12k,18k,12.00 ,18.00 ,15.00
web前端,前端开发工程师[合肥・庐阳区],9k-15k,9k,15k,9.00 ,15.00 ,12.00
web前端,web前端[上海・张江],35k-55k,35k,55k,35.00 ,55.00 ,45.00
web前端,中级Web前端研发工程师[北京・海淀区],12k-20k,12k,20k,12.00 ,20.00 ,16.00
web前端,web前端开发工程师[深圳・大冲],12k-18k,12k,18k,12.00 ,18.00 ,15.00
web前端,高级前端开发工程师[深圳・西丽],20k-35k,20k,35k,20.00 ,35.00 ,27.50
web前端,Web前端开发专家【No.002】[北京・宣武门],35k-60k,35k,60k,35.00 ,60.00 ,47.50
web前端,前端开发工程师[深圳・南山区],12k-23k,12k,23k,12.00 ,23.00 ,17.50
web前端,前端工程师[北京・朝阳区],10k-20k,10k,20k,10.00 ,20.00 ,15.00
web前端,WEB前端(火车票部)[上海・北新泾],18k-28k,18k,28k,18.00 ,28.00 ,23.00
web前端,前端开发工程师[上海・张江],12k-16k,12k,16k,12.00 ,16.00 ,14.00
web前端,前端开发工程师[深圳・南山区],10k-20k,10k,20k,10.00 ,20.00 ,15.00
web前端,前端开发工程师[深圳・南山区],13k-22k,13k,22k,13.00 ,22.00 ,17.50
web前端,web前端开发工程师[重庆・渝北区],6k-12k,6k,12k,6.00 ,12.00 ,9.00
web前端,前端开发工程师[西安・高新技术产业开发区],12k-20k,12k,20k,12.00 ,20.00 ,16.00
web前端,web前端[深圳・华侨城],18k-28k,18k,28k,18.00 ,28.00 ,23.00
web前端,前端开发工程师[上海・七宝],10k-15k,10k,15k,10.00 ,15.00 ,12.50
web前端,web前端开发工程师[北京・燕莎],30k-50k,30k,50k,30.00 ,50.00 ,40.00
web前端,web前端开发工程师（PSM0001）[上海・北新泾],15k-25k,15k,25k,15.00 ,25.00 ,20.00
web前端,前端工程师[上海・浦东新区],18k-35k,18k,35k,18.00 ,35.00 ,26.50
web前端,基础技术部-web前端开发-架构产品方向[北京・望京],25k-45k,25k,45k,25.00 ,45.00 ,35.00
web前端,高级前端开发工程师[上海・浦江],20k-30k,20k,30k,20.00 ,30.00 ,25.00
web前端,Web高级前端开发工程师[成都・驷马桥],13k-20k,13k,20k,13.00 ,20.00 ,16.50
web前端,前端开发工程师[深圳・宝安区],12k-15k,12k,15k,12.00 ,15.00 ,13.50
web前端,web前端开发工程师[深圳・南山区],12k-20k,12k,20k,12.00 ,20.00 ,16.00
web前端,Web/APP 前端开发(应届)[深圳・龙华新区],7k-14k,7k,14k,7.00 ,14.00 ,10.50
web前端,前端开发工程师[深圳・黄木岗],13k-19k,13k,19k,13.00 ,19.00 ,16.00
web前端,前端开发工程师[杭州・仓前],10k-15k,10k,15k,10.00 ,15.00 ,12.50
web前端,web前端开发工程师[深圳・南山区],14k-23k,14k,23k,14.00 ,23.00 ,18.50
web前端,Web/APP 前端开发(应届)[北京・西二旗],8k-16k,8k,16k,8.00 ,16.00 ,12.00
web前端,高级前端开发工程师[上海・中山公园],20k-30k,20k,30k,20.00 ,30.00 ,25.00
web前端,前端开发工程师[上海・闵行区],15k-30k,15k,30k,15.00 ,30.00 ,22.50
web前端,前端开发工程师[上海・曹路],11k-17k,11k,17k,11.00 ,17.00 ,14.00
web前端,前端开发工程师[成都・高新区],12k-20k,12k,20k,12.00 ,20.00 ,16.00
web前端,web前端开发[深圳・科技园],10k-20k,10k,20k,10.00 ,20.00 ,15.00
web前端,web前端开发工程师[上海・虹桥],15k-30k,15k,30k,15.00 ,30.00 ,22.50
web前端,前端工程师[深圳・福田区],15k-25k,15k,25k,15.00 ,25.00 ,20.00
web前端,Web前端开发工程师[上海・张江],15k-30k,15k,30k,15.00 ,30.00 ,22.50
web前端,web前端开发工程师[深圳・皇岗],10k-15k,10k,15k,10.00 ,15.00 ,12.50
web前端,web前端开发工程师[广州・荔湾区],8k-10k,8k,10k,8.00 ,10.00 ,9.00
web前端,前端开发工程师[上海・静安区],3k-5k,3k,5k,3.00 ,5.00 ,4.00
web前端,前端开发工程师[成都・高新区],7k-14k,7k,14k,7.00 ,14.00 ,10.50
web前端,中高级web前端工程师[北京・四惠],25k-35k,25k,35k,25.00 ,35.00 ,30.00
web前端,前端开发工程师[北京・丰台体育馆],9k-17k,9k,17k,9.00 ,17.00 ,13.00
web前端,web前端开发工程师[无锡・江阴市],10k-18k,10k,18k,10.00 ,18.00 ,14.00
web前端,前端开发工程师[北京・中关村],28k-55k,28k,55k,28.00 ,55.00 ,41.50
web前端,前端开发工程师[杭州・江南],13k-20k,13k,20k,13.00 ,20.00 ,16.50
web前端,Web前端开发工程师[北京・朝阳区],10k-15k,10k,15k,10.00 ,15.00 ,12.50
web前端,web前端开发工程师[石家庄・青园],8k-15k,8k,15k,8.00 ,15.00 ,11.50
web前端,高级前端开发工程师[成都・龙潭],15k-20k,15k,20k,15.00 ,20.00 ,17.50
web前端,前端开发工程师[北京・上地],15k-30k,15k,30k,15.00 ,30.00 ,22.50
web前端,高级前端开发工程师[广州・海珠区],12k-18k,12k,18k,12.00 ,18.00 ,15.00
web前端,前端工程师[深圳・福田区],13k-25k,13k,25k,13.00 ,25.00 ,19.00
web前端,前端开发工程师[无锡・新吴区],18k-22k,18k,22k,18.00 ,22.00 ,20.00
web前端,web前端[北京・朝阳区],15k-25k,15k,25k,15.00 ,25.00 ,20.00
web前端,web前端开发工程师[成都・高新区],10k-15k,10k,15k,10.00 ,15.00 ,12.50
web前端,前端开发工程师[上海・浦东新区],20k-30k,20k,30k,20.00 ,30.00 ,25.00
web前端,web前端开发[佛山・南海区],6k-8k,6k,8k,6.00 ,8.00 ,7.00
web前端,前端开发工程师[重庆・南岸区],6k-12k,6k,12k,6.00 ,12.00 ,9.00
web前端,前端开发工程师[上海・延吉],10k-15k,10k,15k,10.00 ,15.00 ,12.50
web前端,前端开发工程师[上海・中山公园],25k-50k,25k,50k,25.00 ,50.00 ,37.50
web前端,Web前端开发实习生[北京・朝阳区],3k-4k,3k,4k,3.00 ,4.00 ,3.50
web前端,前端工程师[深圳・福田区],12k-24k,12k,24k,12.00 ,24.00 ,18.00
web前端,前端开发工程师[深圳・福田区],15k-25k,15k,25k,15.00 ,25.00 ,20.00
web前端,前端开发工程师[北京・海淀区],11k-15k,11k,15k,11.00 ,15.00 ,13.00
web前端,前端开发工程师[北京・朝阳区],15k-25k,15k,25k,15.00 ,25.00 ,20.00
web前端,web前端开发工程师[成都・金牛区],6k-12k,6k,12k,6.00 ,12.00 ,9.00
web前端,前端开发工程师[上海・杨浦区],15k-30k,15k,30k,15.00 ,30.00 ,22.50
web前端,web前端开发工程师[上海・周家桥],15k-25k,15k,25k,15.00 ,25.00 ,20.00
web前端,前端开发工程师[广州・海珠区],12k-22k,12k,22k,12.00 ,22.00 ,17.00
web前端,Web前端开发工程师[北京・大兴区],20k-25k,20k,25k,20.00 ,25.00 ,22.50
web前端,高级前端开发工程师[上海・普陀区],20k-30k,20k,30k,20.00 ,30.00 ,25.00
web前端,web前端开发工程师[北京・七里庄],15k-25k,15k,25k,15.00 ,25.00 ,20.00
web前端,高级web前端开发工程师[武汉・东湖新技术开发区],20k-35k,20k,35k,20.00 ,35.00 ,27.50
web前端,web前端开发工程师[南京・开发区],10k-20k,10k,20k,10.00 ,20.00 ,15.00
web前端,前端开发工程师[上海・北外滩],20k-30k,20k,30k,20.00 ,30.00 ,25.00
web前端,前端开发工程师[广州・花都区],13k-25k,13k,25k,13.00 ,25.00 ,19.00
web前端,web前端开发工程师-海淀[北京・北下关],20k-25k,20k,25k,20.00 ,25.00 ,22.50
web前端,web前端开发工程师(中级）[秦皇岛・海港区],5k-10k,5k,10k,5.00 ,10.00 ,7.50
web前端,web前端工程师[上海・张江],18k-28k,18k,28k,18.00 ,28.00 ,23.00
web前端,Web前端开发工程师[上海・杨浦区],15k-25k,15k,25k,15.00 ,25.00 ,20.00
web前端,前端开发工程师[深圳・华强北],12k-20k,12k,20k,12.00 ,20.00 ,16.00
web前端,Web 前端开发工程师[苏州・吴中区],15k-30k,15k,30k,15.00 ,30.00 ,22.50
web前端,web前端开发工程师[武汉・洪山区],9k-16k,9k,16k,9.00 ,16.00 ,12.50
web前端,web前端开发[杭州・大关],8k-14k,8k,14k,8.00 ,14.00 ,11.00
web前端,web前端开发工程师[北京・东城区],18k-36k,18k,36k,18.00 ,36.00 ,27.00
web前端,WEB前端工程师[北京・亮马桥],14k-20k,14k,20k,14.00 ,20.00 ,17.00
web前端,web前端开发工程师[北京・西北旺],12k-24k,12k,24k,12.00 ,24.00 ,18.00
web前端,web/h5前端开发工程师[成都・高新区],8k-15k,8k,15k,8.00 ,15.00 ,11.50
web前端,WEB前端开发工程师[深圳・车公庙],20k-30k,20k,30k,20.00 ,30.00 ,25.00
web前端,前端开发工程师[深圳・大冲],25k-35k,25k,35k,25.00 ,35.00 ,30.00
web前端,高级前端开发工程师[深圳・福田区],20k-40k,20k,40k,20.00 ,40.00 ,30.00
web前端,web前端开发工程师[北京・五道口],8k-15k,8k,15k,8.00 ,15.00 ,11.50
web前端,web前端开发工程师[深圳・福田区],12k-18k,12k,18k,12.00 ,18.00 ,15.00
web前端,web前端开发工程师[北京・顺义区],18k-30k,18k,30k,18.00 ,30.00 ,24.00
web前端,Web前端开发[杭州・余杭区],18k-35k,18k,35k,18.00 ,35.00 ,26.50
web前端,web前端开发工程师[杭州・钱塘区],12k-18k,12k,18k,12.00 ,18.00 ,15.00
web前端,web前端工程师[成都・高新区],8k-12k,8k,12k,8.00 ,12.00 ,10.00
web前端,Web前端开发实习生（双休）[深圳・新安],5k-10k,5k,10k,5.00 ,10.00 ,7.50
web前端,web前端开发工程师[成都・青羊区],6k-8k,6k,8k,6.00 ,8.00 ,7.00
web前端,web前端开发工程师[深圳・南山区],16k-30k,16k,30k,16.00 ,30.00 ,23.00
web前端,web前端开发工程师(高级 )[深圳・人民南],18k-25k,18k,25k,18.00 ,25.00 ,21.50
web前端,web前端[杭州・西兴],11k-20k,11k,20k,11.00 ,20.00 ,15.50
web前端,web前端开发工程师[杭州・西湖区],20k-32k,20k,32k,20.00 ,32.00 ,26.00
web前端,web前端工程师[杭州・余杭区],17k-25k,17k,25k,17.00 ,25.00 ,21.00
web前端,web前端开发工程师[上海・杨浦区],20k-40k,20k,40k,20.00 ,40.00 ,30.00
web前端,资深Web前端开发工程师[上海・杨浦区],20k-35k,20k,35k,20.00 ,35.00 ,27.50
web前端,Web前端初级工程师实习生[深圳・新安],5k-10k,5k,10k,5.00 ,10.00 ,7.50
web前端,web前端开发工程师[深圳・人民南],18k-25k,18k,25k,18.00 ,25.00 ,21.50
web前端,资深web前端开发工程师[杭州・萧山区],15k-30k,15k,30k,15.00 ,30.00 ,22.50
web前端,web前端工程师[北京・西北旺],12k-24k,12k,24k,12.00 ,24.00 ,18.00
web前端,前端开发[深圳・东门],14k-20k,14k,20k,14.00 ,20.00 ,17.00
web前端,15575-《王者荣耀》生态产品-web前端开发[深圳・南山区],30k-60k,30k,60k,30.00 ,60.00 ,45.00
web前端,前端开发（高级）工程师 ― Web多媒体[北京・海淀区],25k-50k,25k,50k,25.00 ,50.00 ,37.50
web前端,web前端开发工程师[北京・西三旗],15k-20k,15k,20k,15.00 ,20.00 ,17.50
web前端,1141ET-web前端开发工程师[深圳・南山区],25k-35k,25k,35k,25.00 ,35.00 ,30.00
web前端,web前端工程师[广州・天河北],8k-16k,8k,16k,8.00 ,16.00 ,12.00
web前端,web前端[上海・南码头],15k-30k,15k,30k,15.00 ,30.00 ,22.50
web前端,web前端开发工程师（多级别）[广州・番禺区],15k-25k,15k,25k,15.00 ,25.00 ,20.00
web前端,web前端工程师[上海・张江],15k-30k,15k,30k,15.00 ,30.00 ,22.50
web前端,web前端开发工程师[北京・五道口],23k-46k,23k,46k,23.00 ,46.00 ,34.50
web前端,web前端开发工程师[杭州・萧山区],12k-24k,12k,24k,12.00 ,24.00 ,18.00
web前端,15575-《王者荣耀》社区产品web前端开发[深圳・南山区],30k-60k,30k,60k,30.00 ,60.00 ,45.00
web前端,前端开发工程师[三亚・吉阳区],20k-40k,20k,40k,20.00 ,40.00 ,30.00
web前端,web前端工程师（优秀毕业生岗位）[青岛・青岛经济技术开发区],7k-9k,7k,9k,7.00 ,9.00 ,8.00
web前端,高级/资深Web前端开发工程师[北京・朝阳区],20k-40k,20k,40k,20.00 ,40.00 ,30.00
web前端,web前端开发工程师[广州・五山],15k-25k,15k,25k,15.00 ,25.00 ,20.00
web前端,web前端开发工程师[上海・徐汇区],10k-20k,10k,20k,10.00 ,20.00 ,15.00
web前端,web前端开发工程师[深圳・大冲],10k-20k,10k,20k,10.00 ,20.00 ,15.00
web前端,web前端开发工程师（内部岗位） (MJ000053)[杭州・萧山区],15k-25k,15k,25k,15.00 ,25.00 ,20.00
web前端,web前端开发工程师[萍乡・安源区],7k-8k,7k,8k,7.00 ,8.00 ,7.50
web前端,web前端开发工程师[广州・东风东],11k-19k,11k,19k,11.00 ,19.00 ,15.00
web前端,web前端开发工程师[合肥・海关路],5k-8k,5k,8k,5.00 ,8.00 ,6.50
web前端,web前端开发工程师（北京-物联）[北京・朝阳区],10k-20k,10k,20k,10.00 ,20.00 ,15.00
web前端,Web前端工程师[上海・静安区],25k-50k,25k,50k,25.00 ,50.00 ,37.50
web前端,web前端开发工程师[上海・北外滩],25k-45k,25k,45k,25.00 ,45.00 ,35.00
web前端,15575-《王者荣耀》赛事电视台web前端开发[深圳・南山区],30k-60k,30k,60k,30.00 ,60.00 ,45.00
web前端,资深前端工程师 - Web Infra - ToB 业务方向[北京・海淀区],20k-40k,20k,40k,20.00 ,40.00 ,30.00
web前端,web前端开发工程师（天津-物联）[天津・西青区],10k-20k,10k,20k,10.00 ,20.00 ,15.00
web前端,web前端开发工程师[上海・静安区],15k-30k,15k,30k,15.00 ,30.00 ,22.50
web前端,WEB前端工程师-远程办公[重庆・九龙坡区],15k-30k,15k,30k,15.00 ,30.00 ,22.50
web前端,web前端开发工程师―框架方向[北京・中关村],20k-35k,20k,35k,20.00 ,35.00 ,27.50
web前端,web前端开发工程师[北京・顺义区],18k-33k,18k,33k,18.00 ,33.00 ,25.50
web前端,web前端开发工程师[北京・朝阳区],27k-50k,27k,50k,27.00 ,50.00 ,38.50
web前端,web前端开发工程师[杭州・西兴],12k-18k,12k,18k,12.00 ,18.00 ,15.00
web前端,前端开发工程师[北京・中关村],20k-40k,20k,40k,20.00 ,40.00 ,30.00
web前端,Web前端开发工程师[深圳・大冲],20k-40k,20k,40k,20.00 ,40.00 ,30.00
web前端,web前端工程师[邯郸・邯山区],4k-8k,4k,8k,4.00 ,8.00 ,6.00
web前端,web前端开发工程师[北京・东大桥],15k-25k,15k,25k,15.00 ,25.00 ,20.00
web前端,web前端开发工程师[北京・朝阳区],18k-30k,18k,30k,18.00 ,30.00 ,24.00
